clean_text,reminder system,reward programme,misselling,customer service,product pricing,output,Category
sms reminders creditcardco vague cryptic supposed remember due date without clear information confusingmessages,0.970593154,0.002747671,0.007948467,0.017456295,0.001254468,reminder system,Reminder System
credit card rewards program creditcardco convoluted even figure redeem points rewardfrustration,0.00135102,0.993426859,0.003319265,0.001191469,0.000711394,reward programme,Reward Programme
text message creditcardco notifying fraudulent transaction woke middle night respect customers sleep schedule intrusiveale,0.236175105,0.052970447,0.050158456,0.620231152,0.040464807,customer service,Miscellaneous
hey creditcardco integrating payment reminder ales viual assistant platforms like siri google assistant would make convenient customers stay informed paymentreminders,0.935942948,0.002580238,0.001223308,0.058796939,0.0014566,reminder system,Reminder System
discovered creditcardco called exclusive offer retired pensioners nothing trap hidden fees high costs pushing financial hardship deceptivesales misselling,0.001969552,0.003972006,0.990772963,0.001553663,0.001731801,misselling,MisSelling
credit card fees balance transfer fees cash advance fees considered utilizing services impoant assess cost benefit feeconsideration,0.155840144,0.239973411,0.192759722,0.189384222,0.222042501,reward programme,Miscellaneous
notification creditcardco changes credit limit arrived already made large purchase poor timing lack consideration untimelycommunication,0.404777884,0.034221698,0.040685572,0.489413559,0.030901279,customer service,Reminder System
feeling betrayed creditcardco marketed product specifically retired pensioners promising financial security burdened unmanageable debt targetedexploitation misselling,0.001121168,0.001292246,0.956478834,0.001133971,0.039973799,misselling,MisSelling
hey creditcardco relying solely snail mail sending due date reminders outdated ineffective embrace digital communication options snailmailissues,0.970700741,0.002402164,0.001457579,0.023897024,0.001542435,reminder system,Channel of Communication
trusted creditcardco products suitable retired pensioners took advantage vulnerability high cost product sold causing immense financial stress predatorypractices misselling,0.001264414,0.001403631,0.509129226,0.001178689,0.487024009,misselling,MisSelling
loyal customer creditcardco reward program feels like one sided deal annual fee keeps increasing rewards keep shrinking unbalanced,0.00107703,0.948729694,0.046045084,0.002531383,0.001616889,reward programme,Reward Programme
creditcardco reward program needs major overhaul accumulated many points redemption options lackluster uninspiring rewardprogramfail,0.00120464,0.995356798,0.001622092,0.000955992,0.000860423,reward programme,Reward Programme
dear creditcardco automated payment reminder calls frequent disruptive would helpful could customize frequency switch less intrusive mode communication automatedcalls communicationpreference,0.990278363,0.002344971,0.001663633,0.003568972,0.002144091,reminder system,Channel of Communication
feeling betrayed creditcardco marketed product specifically retired pensioners promising financial security burdened unmanageable debt targetedexploitation misselling,0.001121168,0.001292246,0.956478834,0.001133971,0.039973799,misselling,MisSelling
feeling frustrated creditcardco reward program points expire quickly making impossible save meaningful redemption shoexpiration,0.00199669,0.992959201,0.002475491,0.001464147,0.001104429,reward programme,Reward Programme
due date reminders creditcardco easily overlooked cluttered inbox need attention grabbing format subject line getnoticed,0.975550294,0.004705934,0.00306648,0.013769123,0.00290828,reminder system,Reminder System
choosing right credit card requires careful consideration interest rates fees rewards programs impoant compare options making decision creditcardselection,0.01346884,0.928629577,0.020688718,0.0138644,0.023348525,reward programme,Reward Programme
creditcardco always send impoant updates weekends holidays customer service unavailable inconvenient frustrating pooiming,0.045292757,0.004117155,0.001527854,0.946782112,0.0022801,customer service,Reminder System
feeling scammed creditcardco convinced purchase high cost product promising incredible benefits turned total rip fraudulentsales misselling,0.000993575,0.00163446,0.958391428,0.002361723,0.036618799,misselling,MisSelling
creditcardco email payment reminders often end spam folder causing miss impoant due dates please improve delivery consider alternative modes communication paymentreminders communicationissue,0.985866487,0.001970601,0.001724754,0.008936193,0.001501902,reminder system,Channel of Communication
apologize inconvenience caused pricing structure rest assured committed providing competitive transparent pricing benefits customers thank feedback transparentpolicies,0.080831125,0.076002494,0.065148689,0.347575754,0.430441946,product pricing,Inappropriate pricing
creditcardco high default interest rates like want profit people financial struggles exploitativepricing,0.033637203,0.039923042,0.852639616,0.022467844,0.051332247,misselling,Inappropriate pricing
thank bringing issue altered product pricing attention value feedback committed considering impact customers making changes customerfirst,0.000376458,0.000420235,0.000549265,0.00426786,0.994386256,product pricing,Inappropriate pricing
apologize inconvenience caused pricing structure feedback impoant committed evaluating adjusting fees better align customer needs thank input customercentricapproach,0.027560133,0.03621297,0.030081281,0.475934625,0.430211037,customer service,Inappropriate pricing
thank bringing issue product pricing attention value feedback dedicated ensuring pricing changes communicated effectively customer impact mind customerfeedbackmatters,0.000583354,0.00051278,0.0007404,0.001933847,0.996229649,product pricing,Inappropriate pricing
thank bringing issue product pricing attention value feedback dedicated ensuring pricing changes communicated effectively customer impact mind customerfeedbackmatters,0.000583354,0.00051278,0.0007404,0.001933847,0.996229649,product pricing,Inappropriate pricing
thank sharing concerns altered product pricing genuinely appreciate feedback committed considering impact customers making pricing decisions customerimpactconsidered,0.000487274,0.000610299,0.000710414,0.001064503,0.997127593,product pricing,Inappropriate pricing
thank bringing issue product pricing attention value feedback dedicated ensuring pricing changes communicated effectively customer impact mind customerfeedbackmatters,0.000583354,0.00051278,0.0007404,0.001933847,0.996229649,product pricing,Inappropriate pricing
dear creditcardco offering two day grace period payment due date could helpful customers occasionally miss deadline paymentreminders,0.758921802,0.005782026,0.007049791,0.225372881,0.002873565,reminder system,Reminder System
dear creditcardco providing summary changes terms conditions plain language would ensure customers well informed transparentcommunication,0.087150522,0.051736135,0.03809835,0.779565036,0.043450005,customer service,Channel of Communication
apologize inconvenience caused timing communication feedback impoant working enhancing communication strategies ensure timely effective delivery thank patience improvedtimeliness,0.083303578,0.081608012,0.057141889,0.728767872,0.049178712,customer service,Reminder System
hey creditcardco sending payment reminders day due date counterproductive give customers enough time respond lastminutereminder,0.947099864,0.001635986,0.031314146,0.018830838,0.001119169,reminder system,Reminder System
creditcardco always send impoant updates peak business hours difficult reach customer service consider availability inconvenienttiming,0.049332812,0.004874278,0.001435693,0.94276756,0.001589625,customer service,Reminder System
apologize inconvenience caused timing communication feedback impoant working enhancing communication strategies ensure timely effective delivery thank patience improvedtimeliness,0.083303578,0.081608012,0.057141889,0.728767872,0.049178712,customer service,Reminder System
hey creditcardco sending payment due reminders due date passed counterproductive improve timing latereminder,0.875148177,0.001210439,0.076981112,0.045692213,0.00096806,reminder system,Reminder System
credit card rewards programs offer value essential assess spending habits choose program aligns personal preferences rewardsevaluation,0.003243825,0.988765299,0.002755971,0.002577788,0.002657222,reward programme,Reward Programme
suggestion creditcardco implement mobile app feature sends push notifications payment reminders ensuring timely payments paymentreminders,0.98760581,0.002266478,0.001730238,0.006800388,0.001597122,reminder system,Reminder System
hey creditcardco integrating payment reminder ales viual assistant platforms like siri google assistant would make convenient customers stay informed paymentreminders,0.935942948,0.002580238,0.001223308,0.058796939,0.0014566,reminder system,Reminder System
suggestion creditcardco explore option sending payment reminders social media platforms like twitter facebook quick easy access paymentreminders,0.986851692,0.002408599,0.000845078,0.008349675,0.001544879,reminder system,Reminder System
dear creditcardco providing option customers schedule payment reminder calls texts specific times suit preferences would helpful paymentreminders,0.843018115,0.003006106,0.001296717,0.151194274,0.001484787,reminder system,Reminder System
suggestion creditcardco offering dedicated mobile app widget displays upcoming payment due dates home screen would serve constant reminder paymentreminders,0.986892402,0.002515887,0.000970282,0.008091956,0.001529472,reminder system,Reminder System
transparency matters creditcardco consider providing breakdown fees charges monthly statements help customers better understand expenses transparentcommunication,0.131822586,0.15968506,0.116924472,0.448510528,0.143057331,customer service,Transparency of communication
understand impoance timely communication feedback valuable actively working enhance timing messages better serve thank patience improvedtiming,0.191070437,0.179758042,0.131678551,0.422441095,0.075051859,customer service,Reminder System
kudos creditcardco interactive chatbot service payment reminders user friendly accessible way receive notifications paymentreminders,0.936161041,0.003349073,0.001242638,0.058008485,0.001238789,reminder system,Reminder System
apologize inconvenience caused timing communication feedback impoant working enhancing communication strategies ensure timely effective delivery thank patience improvedtimeliness,0.083303578,0.081608012,0.057141889,0.728767872,0.049178712,customer service,Reminder System
credit card received creditcardco match features rewards adveised letdown mismatchedoffer,0.002670837,0.76749289,0.219188288,0.008304924,0.002343014,reward programme,Reward Programme
curious learn new credit card schemes creditcardco offer better rewards perks compared existing ones competition,0.003700295,0.986907899,0.00338209,0.002893492,0.003116279,reward programme,Reward Programme
apologize inconvenience caused pricing structure committed ensuring fairness transparency fee policies feedback impoant fairpricing,0.151906371,0.142495885,0.137254357,0.144738689,0.423604667,product pricing,Transparency of communication
suggestion creditcardco clearly state consequences missed payments late fees interest charges help customers make informed decisions transparentcommunication,0.1154465,0.042797823,0.049007826,0.748633146,0.044114668,customer service,Channel of Communication
creditcardco notifications mobile app payment reminders glitchy always show makes difficult stay top payments please fix issue soon possible appproblems paymentreminders,0.971138835,0.00181604,0.000847244,0.025566783,0.00063105,reminder system,Channel of Communication
received promotional email creditcardco limited time offer expired even read improve timing please missedoppounity,0.088474594,0.706593931,0.104405686,0.071108408,0.029417278,reward programme,Reminder System
impressed generous rewards program offered creditcardco able earn valuable points redeem amazing perks rewardingexperience,0.001175971,0.99626106,0.000731095,0.000951689,0.000880104,reward programme,Reward Programme
understand impoance timely communication feedback valuable actively working enhance timing messages better serve thank patience improvedtiming,0.191070437,0.179758042,0.131678551,0.422441095,0.075051859,customer service,Reminder System
announcement creditcardco schemes generating buzz reserve opinion information eligibility criteria rewards structure informeddecisions,0.003076693,0.989416361,0.0028792,0.00258229,0.002045382,reward programme,Reward Programme
beware creditcardco tactics pushed high cost product suit needs shameful sales practices deceptivesales misselling,0.002544197,0.002273608,0.836281478,0.001508178,0.157392487,misselling,MisSelling
discovered creditcardco called exclusive offer retired pensioners nothing trap hidden fees high costs pushing financial hardship deceptivesales misselling,0.001969552,0.003972006,0.990772963,0.001553663,0.001731801,misselling,MisSelling
realized high cost product purchased credit card completely misrepresented creditcardco unacceptable missold misselling,0.001030011,0.00195615,0.787696719,0.001111502,0.20820564,misselling,MisSelling
thanks credit card rewards program redeemed points free flight best feeling ever rewardsprogram,0.00134014,0.99499172,0.001042682,0.00161139,0.001014036,reward programme,Reward Programme
appreciate transparency creditcardco clearly communicate fees charges associated credit cards ensuring surprises honestywins,0.065283641,0.120338172,0.077359997,0.61926657,0.117751643,customer service,Transparency of communication
apologize timing communication feedback valuable working improve effectiveness relevance messages thank bringing attention timelycommunication,0.24337329,0.224259377,0.159765571,0.280084759,0.092516966,customer service,Reminder System
hey creditcardco integrating payment reminders popular personal finance apps would convenient users stay top payments paymentreminders,0.984954357,0.004548471,0.001978167,0.00640988,0.00210911,reminder system,Reminder System
big thumbs creditcardco proactive communication regarding recent credit card data breach promptly notified assured customers enhanced security measures well done datasecurity,0.062807858,0.103704333,0.032937977,0.778968155,0.021581694,customer service,Channel of Communication
hey creditcardco consider sending proactive notifications customers adjustments interest rates ensuring transparency avoiding surprises transparentcommunication,0.111797839,0.037496541,0.0499532,0.755952179,0.044800237,customer service,Transparency of communication
dear creditcardco voicemail reminders payments barely audible understand details frustrating ineffective please improve quality switch another mode communication poorvoicemail paymentreminders,0.842847168,0.000917945,0.001119049,0.154488683,0.000627165,reminder system,Channel of Communication
hats creditcardco proactive communication upcoming changes credit card terms conditions provided comprehensive explanation ensuring transparency well done termsandconditions,0.01503946,0.037385006,0.013529224,0.926232576,0.007813732,customer service,Transparency of communication
credit card terms creditcardco keep changing without warning hard trust company value transparency lackofconsistency,0.115029126,0.505285978,0.183412671,0.1143004,0.081971869,reward programme,Transparency of communication
dear creditcardco allowing customers choose preferred mode payment reminder communication email text phone call would cater diverse preferences paymentreminders,0.719543695,0.001867849,0.001069475,0.276635706,0.000883309,reminder system,Channel of Communication
credit card rewards earned regular spending impoant assess whether benefits offset potential interest charges fees rewardsassessment,0.004101275,0.983248353,0.004244669,0.00351984,0.004885954,reward programme,Reward Programme
notification creditcardco changes account arrived weeks changes implemented stay top communication delayedupdates,0.381267995,0.127242446,0.06525176,0.34625569,0.079982087,reminder system,Channel of Communication
grateful creditcardco competitive cashback program rewarding earn money back spending cashbackbonanza,0.001185976,0.995221436,0.000830913,0.001264325,0.001497295,reward programme,Reward Programme
received credit card offer creditcardco rewards program align spending habits research mismatchedoffer,0.001409021,0.833918095,0.162407905,0.001463661,0.000801451,reward programme,Reward Programme
understand impoance timely billing information team addressing delay issue ensure next statement delivered promptly thank patience timelycommunication,0.078665644,0.071777135,0.070533328,0.706581116,0.0724428,customer service,Channel of Communication
hey creditcardco incorporating sms based payment reminders direct link one click payment could simplify process customers paymentreminders,0.895370185,0.002586985,0.001241424,0.09914358,0.001657772,reminder system,Reminder System
refreshing see company take responsibility mis selling credit card kudos bank acknowledging issue working towards fair resolution appreciate commitment customer satisfaction accountability impressed,0.000729959,0.001858605,0.812653601,0.184057385,0.000700473,misselling,MisSelling
mis selling incidents frustrating glad bank listened concerns took corrective measures regained trust addressing situation promptly thank valuing customers trustrestored happycustomer,0.000498598,0.000611762,0.701385319,0.296830863,0.000673502,misselling,MisSelling
hats bank transparency accountability acknowledged mis selling credit cards reached affected customers offered suitable solutions refreshing see integrity transparency impressive,0.001002746,0.001334303,0.983261287,0.013493869,0.000907795,misselling,MisSelling
got caught mis selling incident credit card bank resolution team top rectified issue swiftly leaving positive impression thanks quick response effectiveresolution satisfiedcustomer,0.000484426,0.001682497,0.582869291,0.414486378,0.000477507,misselling,MisSelling
seriously creditcardco justify exorbitant annual fees high interest rates feels like rip unfairpricing,0.03054763,0.06901139,0.446708858,0.032408256,0.421323895,misselling,Inappropriate pricing
creditcardco pricing structure maze navigate hidden fees penalties confusing terms make impossible understand paying transparencyplease,0.065820098,0.11464785,0.60532248,0.070718743,0.143490821,misselling,Inappropriate pricing
got hit unexpected charges creditcardco upfront pricing pricesurprise,0.112739116,0.077777326,0.130832464,0.119084053,0.559567034,product pricing,Inappropriate pricing
loyal customer expect better creditcardco arbitrary pricing changes leaving sour taste mouth customerdissatisfaction,0.057103749,0.144252405,0.368957043,0.259616166,0.170070574,misselling,Inappropriate pricing
dear creditcardco tiered pricing system seems like way squeeze money hardworking individuals pricediscrimination,0.120098419,0.062844425,0.389556378,0.054770131,0.372730672,misselling,Inappropriate pricing
tired creditcardco unpredictable pricing time transparency fair treatment customers pricestability,0.0744128,0.110309817,0.0886911,0.46443516,0.262151182,customer service,Inappropriate pricing
hey creditcardco pricing changes without warning making difficult budget get consistency please budgetingnightmare,0.115146026,0.155368075,0.121628329,0.185267329,0.422590256,product pricing,Inappropriate pricing
creditcardco pricing games driving crazy like never ending roller coaster charges fees pricemadness,0.040666074,0.066718422,0.799924314,0.041369606,0.051321562,misselling,Inappropriate pricing
frustrating creditcardco lures customers low introductory rates skyrocket later deceptive pricing please falsepromises,0.001236323,0.001722587,0.993290603,0.002125766,0.001624742,misselling,Inappropriate pricing
dear creditcardco pricing tactics predatory unfair stop preying people financial vulnerability unethicalpricing,0.06501402,0.104589805,0.626504719,0.065701783,0.138189584,misselling,Inappropriate pricing
hey creditcardco hidden fees fine print masterclass deceptive pricing time clean act pricingtricks,0.016918266,0.02149759,0.912910998,0.00981954,0.038853567,misselling,Inappropriate pricing
creditcardco pricing structure nightmare like want confuse frustrate customers purpose customerexploitation,0.012436999,0.014119559,0.380849242,0.014100166,0.578494012,product pricing,Inappropriate pricing
hey creditcardco pricing touch reality people struggling making worse unjust charges insensitivepricing,0.110929228,0.155426338,0.50967288,0.089191176,0.134780362,misselling,Inappropriate pricing
creditcardco pricing structure designed trap people debt time prioritize financial well profits debttrap,0.011050228,0.012318165,0.818995833,0.007824216,0.149811521,misselling,Inappropriate pricing
dear creditcardco pricing changes like bad soap opera think another twist neverendingfees,0.11659912,0.168633744,0.221514806,0.091554642,0.401697665,product pricing,Inappropriate pricing
creditcardco pricing transparency non existent time come clean stop hiding behind confusing terms conditions hiddencharges,0.01652417,0.036206312,0.86752218,0.021342456,0.058404882,misselling,Inappropriate pricing
creditcardco pricing structure maze escape time simplify provide clarity customers pricingconfusion,0.118159711,0.300756931,0.117456295,0.111503653,0.352123439,product pricing,Inappropriate pricing
another month another surprise fee creditcardco like making charges see much get away feefrustration,0.100135706,0.066028662,0.625579357,0.145262718,0.062993556,misselling,Inappropriate pricing
thank bringing issue altered product pricing attention take customer impact seriously carefully consider aspects making changes future customercentricapproach,0.000353823,0.000403922,0.000457226,0.000874654,0.99791038,product pricing,Inappropriate pricing
tired creditcardco predatory pricing structure intentionally keep interest rates sky high trap customers debt predatorylending,0.044897027,0.030234439,0.718782067,0.030017335,0.17606917,misselling,Inappropriate pricing
apologize pricing structure caused inconvenience feedback valuable actively reviewing adjusting fees charges better serve customers thank understanding customeroriented,0.002608193,0.003781982,0.003589691,0.971163929,0.018856218,customer service,Inappropriate pricing
apologize pricing structure caused inconvenience feedback valuable actively reviewing adjusting fees charges better serve customers thank understanding customeroriented,0.002608193,0.003781982,0.003589691,0.971163929,0.018856218,customer service,Inappropriate pricing
frustrated creditcardco pricing structure purposely make terms confusing take advantage customers lack understanding exploitativepractices,0.003561449,0.005008757,0.962789655,0.002859247,0.02578087,misselling,Inappropriate pricing
thank bringing issue product pricing attention appreciate feedback committed considering customer impact feedback making pricing decisions customerfeedbackvalued,0.000355009,0.000394458,0.000598626,0.000695201,0.997956693,product pricing,Inappropriate pricing
thank bringing issue product pricing attention appreciate feedback committed considering customer impact feedback making pricing decisions customerfeedbackvalued,0.000355009,0.000394458,0.000598626,0.000695201,0.997956693,product pricing,Inappropriate pricing
thank bringing issue product pricing attention appreciate feedback committed considering customer impact feedback making pricing decisions customerfeedbackvalued,0.000355009,0.000394458,0.000598626,0.000695201,0.997956693,product pricing,Inappropriate pricing
feeling deceived creditcardco reward program enticing sign bonus turned nearly impossible achieve due hidden spending requirements falsepromises,0.000851438,0.659408033,0.338358045,0.000827375,0.000555077,reward programme,Reward Programme
feeling frustrated creditcardco reminder system unreliable inconsistent afford keep missing due dates latepaymentissues,0.971892297,0.000621501,0.001524893,0.025498087,0.00046317,reminder system,Reminder System
appreciate creditcardco transparency new credit card schemes clear terms conditions make easier customers make informed decisions transparencymatters,0.119834922,0.455866188,0.140090391,0.166246518,0.117961928,reward programme,Transparency of communication
received notice creditcardco reducing cashback percentage consider would affect loyal customers rewardsdevaluation,0.014077418,0.972773135,0.006387859,0.004518342,0.002243276,reward programme,Reward Programme
hey creditcardco appreciate payment reminders text messages often delayed end receiving due date reliable way notify customers latereminders communicationproblem,0.916329443,0.001563156,0.001124297,0.079835519,0.001147563,reminder system,Channel of Communication
hey creditcardco reward points low redemption value disheaening see little loyalty woh undervaluedrewards,0.001483153,0.988495648,0.008033785,0.001180182,0.000807228,reward programme,Reward Programme
creditcardco still using carrier pigeons send due date reminders slow unreliable leaves room errors pigeonmailissues,0.983944833,0.002100815,0.001608162,0.011028286,0.001317927,reminder system,Reminder System
excited hear new credit card schemes announced creditcardco looking forward exploring benefits rewards offer creditcardschemes,0.011151826,0.958097816,0.008116832,0.011996966,0.010636618,reward programme,Reward Programme
checks voicemail days creditcardco using voicemail primary mode sending reminders ineffective outdated voicemailwoes,0.956022918,0.002964072,0.00274089,0.037185237,0.001086895,reminder system,Reminder System
creditcardco sales representative misled buying expensive product need feeling cheated deceived misselling,0.001044257,0.001589695,0.844969511,0.06111056,0.091286026,misselling,MisSelling
reward program offered creditcardco simply woh high spending requirements minimal benefits make hassle perk notwohit,0.001194035,0.994469345,0.002518419,0.000827855,0.000990244,reward programme,Reward Programme
hey creditcardco reward program lacks transparency nearly impossible understand value point redeemed lackofclarity,0.001706066,0.987751305,0.008076165,0.001497036,0.000969502,reward programme,Transparency of communication
missed another due date creditcardco reminder system sends notifications business hours reminders evening weekends limitedavailability,0.989726484,0.002216415,0.001502975,0.005168203,0.001385948,reminder system,Reminder System
hey creditcardco sending payment reminder day due date helpful give customers time take action lastminutereminder,0.847508013,0.001230925,0.000853861,0.149577528,0.000829692,reminder system,Reminder System
feeling deceived creditcardco reward program enticing sign bonus turned nearly impossible achieve due hidden spending requirements falsepromises,0.000851438,0.659408033,0.338358045,0.000827375,0.000555077,reward programme,Reward Programme
smoke signals used creditcardco send reminders must fading quickly time upgrade efficient options smokesignalissues,0.981208324,0.007630026,0.003450878,0.005274586,0.002436152,reminder system,Reminder System
email primary mode communication creditcardco still sending paper reminders often get lost mail paperwaste,0.879636407,0.011847429,0.002016932,0.102865994,0.00363328,reminder system,Reminder System
sorry confusion caused credit card terms conditions review update provide clearer information customers thank feedback clearcommunication,0.008832927,0.021558844,0.008382642,0.954313755,0.006911842,customer service,Channel of Communication
credit card customer service plays vital role resolving issues helpful keep records communication follow concerns persist customersuppo,0.002137352,0.004458188,0.00128993,0.990789652,0.001324966,customer service,Channel of Communication
beware creditcardco tactics pushed high cost product suit needs shameful sales practices deceptivesales misselling,0.002544197,0.002273608,0.836281478,0.001508178,0.157392487,misselling,MisSelling
customer service creditcardco needs serious improvement unhelpful lack knowledge reward program terms conditions poorsuppo,0.000833724,0.425034642,0.000979813,0.572621763,0.000530097,customer service,Reward Programme
creditcardco reward program needs upgrade lack innovative features personalized offers falling behind competitors market outdated,0.001348554,0.995427549,0.001558711,0.000821224,0.000843947,reward programme,Reward Programme
kudos creditcardco transparent communication credit card system upgrade kept customers informed process minimizing inconvenience well done systemupgrade,0.001516377,0.006494829,0.001243786,0.989447951,0.001296996,customer service,Channel of Communication
sorry confusion caused credit card terms conditions review update provide clearer information customers thank feedback clearcommunication,0.008832927,0.021558844,0.008382642,0.954313755,0.006911842,customer service,Channel of Communication
creditcardco sending reminders carrier pigeons might sound charming reliable timely birddeliveryfail,0.953197777,0.01222536,0.008522014,0.024105016,0.001949811,reminder system,Reminder System
creditcardco mobile push notification reminder option much effective relying emails calls outdatednotifications,0.986056805,0.003517821,0.001841752,0.007041404,0.001542226,reminder system,Reminder System
hey creditcardco reward points low redemption value disheaening see little loyalty woh undervaluedrewards,0.001483153,0.988495648,0.008033785,0.001180182,0.000807228,reward programme,Reward Programme
realized high cost product purchased credit card completely misrepresented creditcardco unacceptable missold misselling,0.001030011,0.00195615,0.787696719,0.001111502,0.20820564,misselling,MisSelling
feeling deceived creditcardco aggressive sales tactics pushed signing credit card hidden fees high interest rates missold,0.001249578,0.001590393,0.993396819,0.002211783,0.001551457,misselling,MisSelling
feeling scammed creditcardco convinced purchase high cost product promising incredible benefits turned total rip fraudulentsales misselling,0.000993575,0.00163446,0.958391428,0.002361723,0.036618799,misselling,MisSelling
tired receiving promotional emails creditcardco amazing reward program find offers irrelevant unattainable misleadingads,0.004884356,0.616337359,0.376851529,0.000960263,0.000966482,reward programme,Reward Programme
feeling frustrated creditcardco reward program annual fee keeps increasing benefits remain stagnant time switch better option timetomoveon,0.00074346,0.989953637,0.007507856,0.000624834,0.001170218,reward programme,Reward Programme
carrier pigeons delivering creditcardco reminders must gotten lost please switch reliable methods pigeonpostfail,0.950687826,0.002905991,0.001696877,0.043075141,0.001634155,reminder system,Reminder System
appreciate feedback misleading customer communication rest assured committed providing clear accurate information customers ensuring transparency trust thank raising concern clearandtrustwohymessaging,0.007513833,0.007920563,0.165673062,0.810667157,0.008225336,customer service,Transparency of communication
years using creditcardco expected better reward program limited selection merchandise travel options disappointing limitedchoices,0.001742985,0.990304768,0.003127618,0.001956808,0.002867787,reward programme,Reward Programme
telegrams creditcardco due date reminders seriously time embrace modern efficient communication channels timetoupgrade,0.992452145,0.00240632,0.001585702,0.001970343,0.001585589,reminder system,Reminder System
creditcardco reward program needs major overhaul accumulated many points redemption options lackluster uninspiring rewardprogramfail,0.00120464,0.995356798,0.001622092,0.000955992,0.000860423,reward programme,Reward Programme
trusted creditcardco took advantage trust sold ridiculously expensive product could gotten much less elsewhere exploitation misselling,0.000379508,0.000735684,0.379410356,0.000601267,0.618873239,product pricing,MisSelling
customer service creditcardco needs serious improvement unhelpful lack knowledge reward program terms conditions poorsuppo,0.000833724,0.425034642,0.000979813,0.572621763,0.000530097,customer service,Reward Programme
creditcardco reward program needs upgrade lack innovative features personalized offers falling behind competitors market outdated,0.001348554,0.995427549,0.001558711,0.000821224,0.000843947,reward programme,Reward Programme
creditcardco reminder system allow customization want choose receive reminders align schedule onesizedoesntfitall,0.988739133,0.002841401,0.001332677,0.005950504,0.001136326,reminder system,Reminder System
reward program offered creditcardco simply woh high spending requirements minimal benefits make hassle perk notwohit,0.001194035,0.994469345,0.002518419,0.000827855,0.000990244,reward programme,Reward Programme
hey creditcardco reward program lacks transparency nearly impossible understand value point redeemed lackofclarity,0.001706066,0.987751305,0.008076165,0.001497036,0.000969502,reward programme,Transparency of communication
hey creditcardco changing rewards redemption rates without notice unfair customers say decisions unilateralchanges,0.00323423,0.972649574,0.008753897,0.009585628,0.00577671,reward programme,Reward Programme
tired receiving promotional emails creditcardco amazing reward program find offers irrelevant unattainable misleadingads,0.004884356,0.616337359,0.376851529,0.000960263,0.000966482,reward programme,Reward Programme
feeling frustrated creditcardco reward program annual fee keeps increasing benefits remain stagnant time switch better option timetomoveon,0.00074346,0.989953637,0.007507856,0.000624834,0.001170218,reward programme,Reward Programme
received due date reminder letter creditcardco week due date helpful slowmaildelivery,0.947622478,0.003934337,0.002445313,0.044047784,0.001950184,reminder system,Reminder System
appreciate feedback misleading customer communication rest assured committed providing clear accurate information customers ensuring transparency trust thank raising concern clearandtrustwohymessaging,0.007513833,0.007920563,0.165673062,0.810667157,0.008225336,customer service,Transparency of communication
trying redeem reward points flight creditcardco blackout dates restrictions make nearly impossible find suitable time redemptionhurdles,0.002160223,0.993888021,0.001384799,0.001300989,0.001265974,reward programme,Reward Programme
hey creditcardco adveise amazing rewards offer limited availability feels like bait switch tactic falsepromises,0.000759995,0.385948867,0.61135745,0.001466023,0.000467671,misselling,Reward Programme
smoke signals used creditcardco reminders keep getting lost wind need reliable communication method inefficientsmokesignals,0.972382307,0.009318496,0.00763733,0.00530214,0.005359731,reminder system,Reminder System
big thumbs creditcardco exceptional rewards redemption process straightforward hassle free easyredemption,0.001664672,0.980879486,0.000826383,0.015812999,0.000816463,reward programme,Reward Programme
years using creditcardco expected better reward program limited selection merchandise travel options disappointing limitedchoices,0.001742985,0.990304768,0.003127618,0.001956808,0.002867787,reward programme,Reward Programme
set reminders creditcardco app never seem work unreliable defeating purpose reminder feature appglitch,0.989061713,0.003925988,0.003073135,0.002619578,0.001319566,reminder system,Reminder System
shoutout creditcardco exceptional suppo resolving credit card reward redemption issue patiently worked resolve problem credited missing rewards highly appreciated rewardredemption,0.000894069,0.441000164,0.000859811,0.556600869,0.000645064,customer service,Reward Programme
trying reach customer suppo inquire reward points keep transferring one depament another creditcardco get act together customerservicefail,0.001208613,0.606539667,0.001140913,0.390317738,0.000793203,reward programme,Reward Programme
finally managed redeem reward points weeks back foh creditcardco customer service process complicated redemptionstruggles,0.001253277,0.479504079,0.000537887,0.518214583,0.000490166,customer service,Reward Programme
finally got credit card issue resolved shout customer service team handling mis selling situation promptly professionally kudos greatservic problemsolved,0.000381114,0.001136095,0.377100617,0.620797217,0.000584902,customer service,MisSelling
sometimes mistakes happen resolved matters appreciate quick response bank regarding mis selling credit card good job rectifying situation customerfirst satisfied,0.000804163,0.001686794,0.475124151,0.521653533,0.00073131,customer service,MisSelling
bit hiccup credit card due mis selling must say bank suppo team fantastic took immediate action clarified everything got soed thank prompt assistance responsiveservice grateful,0.000588224,0.000981981,0.640812159,0.356506348,0.001111255,misselling,MisSelling
dealing mis sold credit card stressful must say bank customer service team handled exceptionally well patient understanding resolved issue efficiently grateful suppo customercare relieved,0.000474254,0.000969257,0.450429916,0.547778189,0.000348441,customer service,MisSelling
hey creditcardco pricing fluctuations giving whiplash hard keep ever changing fees interest rates confusedcustomer,0.034915354,0.042351149,0.629032969,0.182672352,0.11102818,misselling,Inappropriate pricing
hey creditcardco sudden increase interest rates feels like stab back give break unreasonablepricing,0.040790379,0.039211087,0.480555624,0.216888905,0.222554013,misselling,Inappropriate pricing
creditcardco disappointing see pricing structure favoring wealthy struggling make ends meet inequality,0.08912088,0.158305407,0.329844028,0.070996083,0.351733625,product pricing,Inappropriate pricing
seriously creditcardco another rate hike time stop squeezing customers sta offering fair pricing enoughisenough,0.081538089,0.039445851,0.704428673,0.079226948,0.09536048,misselling,Inappropriate pricing
someone explain creditcardco charges double digit interest rates offering minimal benefits highway robbery ripoff,0.001515007,0.002253887,0.970340014,0.002988678,0.022902455,misselling,Inappropriate pricing
enough pricing surprises creditcardco impossible trust keep changing rules unpredictablefees,0.067176417,0.112920418,0.463832647,0.070815496,0.285255075,misselling,Inappropriate pricing
tired feeling like cash cow creditcardco pricing scheme designed bleed dry enoughofthis,0.086565636,0.159535706,0.403486103,0.052498758,0.29791379,misselling,Inappropriate pricing
hey creditcardco way manipulate interest rates feels like betrayal deserve better predatory pricing betrayedbyfees,0.006121056,0.006974725,0.942603946,0.009976436,0.034323819,misselling,Inappropriate pricing
incredible creditcardco manages consistently provide terrible customer suppo customerdissatisfaction,0.00607089,0.014276442,0.012610105,0.96250701,0.004535527,customer service,Ineffectual Customer Service
creditcardco suppo team needs lesson responsiveness emails calls unanswered,0.004953314,0.005278809,0.002711587,0.984003901,0.003052391,customer service,Ineffectual Customer Service
creditcardco adveise suppo hotline nobody ever picks customer service joke,0.004655987,0.024173008,0.005490503,0.962944925,0.002735653,customer service,Ineffectual Customer Service
beyond frustrated creditcardco suppo one seems care resolving issue,0.011691476,0.0145689,0.012024311,0.952856541,0.008858822,customer service,Ineffectual Customer Service
bother contacting creditcardco suppo keep hold forever provide solution,0.04442757,0.01303113,0.017335784,0.918625712,0.006579817,customer service,Ineffectual Customer Service
hey creditcardco suppo team lack urgency costing money time unacceptable,0.062941946,0.05279978,0.019734019,0.842280686,0.022243543,customer service,Ineffectual Customer Service
seriously regretting choosing creditcardco suppo non existent actually need help,0.018183121,0.141949892,0.598349512,0.222483084,0.019034401,misselling,Ineffectual Customer Service
creditcardco customers deserve better stuck hold indefinitely improve suppo system,0.016330849,0.018000998,0.011823788,0.947499037,0.006345344,customer service,Ineffectual Customer Service
dealing creditcardco suppo nightmare never follow promises made,0.0618672,0.10083925,0.360408783,0.441316009,0.03556871,customer service,Ineffectual Customer Service
creditcardco suppo team incompetence pushing loyal customers away time step game,0.018994838,0.031676643,0.084603257,0.853768349,0.010956947,customer service,Ineffectual Customer Service
another day another ignored creditcardco suppo account like shouting void,0.642543197,0.045096003,0.075931162,0.211313993,0.025115607,reminder system,Ineffectual Customer Service
disappointed creditcardco lack empathy assistance suppo letdown,0.007041001,0.012316129,0.013194078,0.962131917,0.005316881,customer service,Ineffectual Customer Service
got phone creditcardco suppo three transfers still solution customerservicefail,0.003248796,0.006094758,0.003577602,0.984865904,0.002212932,customer service,Ineffectual Customer Service
creditcardco suppo team negligence huing reputation customers deserve better treatment,0.003651028,0.004563703,0.010055088,0.979235232,0.002494946,customer service,Ineffectual Customer Service
wasted hours trying reach creditcardco suppo simple query response help,0.006470066,0.01322796,0.010110602,0.964178085,0.006013313,customer service,Ineffectual Customer Service
creditcardco suppo email goes black hole months still resolution customerneglect,0.004420235,0.003133403,0.002600086,0.987767041,0.002079217,customer service,Ineffectual Customer Service
frustrating creditcardco suppo line disconnects holding hour joke,0.038777493,0.054361414,0.052368596,0.828381062,0.026111439,customer service,Ineffectual Customer Service
believe difficult reach creditcardco suppo team response assistance customerdisappointment,0.0048796,0.006164875,0.004516535,0.980820835,0.003618166,customer service,Ineffectual Customer Service
creditcardco lack response assistance clear indication poor customer suppo unsatisfied,0.004553617,0.005468829,0.003983781,0.982810915,0.003182867,customer service,Ineffectual Customer Service
friendly reminder creditcardco suppo team seem know meaning urgency,0.806316793,0.004839106,0.00144347,0.185782671,0.001617974,reminder system,Ineffectual Customer Service
hold creditcardco suppo umpteenth time maybe one day someone pick,0.398863196,0.304638684,0.085474201,0.14801316,0.063010849,reminder system,Ineffectual Customer Service
big shoutout creditcardco superb customer suppo handled concerns utmost professionalism care customerserviceexcellence,0.000691293,0.00162086,0.000622549,0.996520698,0.000544645,customer service,Ineffectual Customer Service
blown away outstanding suppo received creditcardco resolved issue promptly left feeling valued customer impressivesuppo,0.001469879,0.004180874,0.001798384,0.990864515,0.001686304,customer service,Ineffectual Customer Service
thumbs creditcardco suppo team exceptional knowledge assistance guided process effolessly knowledgeablesuppo,0.010339924,0.02058395,0.007625246,0.952370644,0.009080257,customer service,Ineffectual Customer Service
want express gratitude creditcardco attentive personalized suppo truly care customers needs customercare,0.001871192,0.008477477,0.001159316,0.987427592,0.001064423,customer service,Ineffectual Customer Service
creditcardco suppo went beyond ensure satisfaction turned challenging situation positive experience goingtheextramile,0.003376792,0.010699717,0.003118393,0.979801774,0.003003299,customer service,Ineffectual Customer Service
kudos creditcardco well trained suppo team patient understanding resolved issue ease greatjob,0.003304602,0.015193219,0.002426567,0.977096796,0.00197886,customer service,Ineffectual Customer Service
excellent experience creditcardco suppo representative friendly efficient resolved concern time smoothresolution,0.00067754,0.001586357,0.00075774,0.996302664,0.000675679,customer service,Ineffectual Customer Service
impressed prompt response resolution provided creditcardco suppo team truly value customers time responsivesuppo,0.001834879,0.002751445,0.001655675,0.992200613,0.001557471,customer service,Ineffectual Customer Service
creditcardco suppo team saved day quick action problem solving skills turned potential disaster seamless experience customerheroes,0.001058821,0.002446838,0.001082451,0.994517684,0.000894264,customer service,Ineffectual Customer Service
want give shoutout creditcardco consistent reliable suppo never fail address concerns promptly reliableservice,0.027819185,0.070731632,0.02488859,0.853990316,0.022570318,customer service,Ineffectual Customer Service
huge thank creditcardco proactive suppo reached resolve issue even repoed yet proactiveassistance,0.003906302,0.023022722,0.004984614,0.96465081,0.003435594,customer service,Ineffectual Customer Service
impressed creditcardco suppo team dedication customer satisfaction went extra mile ensure positive experience customerhappiness,0.001527284,0.002076827,0.001095222,0.994284391,0.001016263,customer service,Ineffectual Customer Service
creditcardco suppo team deserves recognition exceptional communication skills listened attentively provided clear guidance effectivecommunication,0.02744798,0.051891893,0.022572946,0.881701708,0.016385479,customer service,Ineffectual Customer Service
shoutout creditcardco reliable suppo reassuring know assistance call away matter time day alwaysthereforcustomers,0.001945173,0.001903005,0.000766393,0.994679391,0.000706049,customer service,Ineffectual Customer Service
want express appreciation creditcardco consistent high quality suppo set benchmark exceptional customer service industry customerserviceexemplary,0.000839031,0.001765514,0.000852787,0.995775521,0.00076714,customer service,Ineffectual Customer Service
apologize pricing structure caused inconvenience feedback valuable actively reviewing adjusting fees charges better serve customers thank understanding customeroriented,0.002608193,0.003781982,0.003589691,0.971163929,0.018856218,customer service,Inappropriate pricing
apologize pricing structure caused inconvenience feedback helps ongoing effos ensure credit card fees charges reasonable customer friendly customerfirstapproach,0.003348614,0.005707251,0.003807929,0.89229691,0.094839334,customer service,Inappropriate pricing
apologize confusion caused pricing structure actively reassessing fee policies ensure align customer expectations fair thank bringing attention alignedwithcustomers,0.031671409,0.043799341,0.078026481,0.701755583,0.144747183,customer service,Inappropriate pricing
apologize inconvenience caused pricing structure rest assured committed providing competitive transparent pricing benefits customers thank feedback transparentpolicies,0.080831125,0.076002494,0.065148689,0.347575754,0.430441946,product pricing,Inappropriate pricing
apologize inconvenience caused pricing structure rest assured committed providing competitive transparent pricing benefits customers thank feedback transparentpolicies,0.080831125,0.076002494,0.065148689,0.347575754,0.430441946,product pricing,Inappropriate pricing
understand concerns regarding pricing structure rest assured continuously review fees charges ensure fairness appreciate feedback transparentpricing,0.203540444,0.134736627,0.138388857,0.165113822,0.358220279,product pricing,Inappropriate pricing
apologize inconvenience caused pricing structure feedback impoant committed evaluating adjusting fees better align customer needs thank input customercentricapproach,0.027560133,0.03621297,0.030081281,0.475934625,0.430211037,customer service,Inappropriate pricing
apologize inconvenience caused pricing structure feedback impoant committed evaluating adjusting fees better align customer needs thank input customercentricapproach,0.027560133,0.03621297,0.030081281,0.475934625,0.430211037,customer service,Inappropriate pricing
thank sharing feedback regarding altered product pricing actively reviewing pricing strategies ensure align customer needs expectations customerfeedback,0.0010796,0.000939057,0.00104613,0.003207946,0.993727267,product pricing,Inappropriate pricing
thank sharing feedback regarding product pricing genuinely appreciate input actively reviewing pricing models ensure fair reasonable customers fairpricingforall,0.001127984,0.001366822,0.001163746,0.002086112,0.994255364,product pricing,Inappropriate pricing
thank sharing feedback regarding product pricing genuinely appreciate input actively reviewing pricing models ensure fair reasonable customers fairpricingforall,0.001127984,0.001366822,0.001163746,0.002086112,0.994255364,product pricing,Inappropriate pricing
thank sharing feedback regarding product pricing genuinely appreciate input actively reviewing pricing models ensure fair reasonable customers fairpricingforall,0.001127984,0.001366822,0.001163746,0.002086112,0.994255364,product pricing,Inappropriate pricing
creditcardco sales representative misled buying expensive product need feeling cheated deceived misselling,0.001044257,0.001589695,0.844969511,0.06111056,0.091286026,misselling,MisSelling
hey creditcardco reminder system needs overhaul simply effective preventing missed due dates timeforchange,0.990121841,0.001100033,0.001655164,0.006417439,0.000705566,reminder system,Reminder System
appreciate creditcardco effos sending reminders morse code practical today fast paced world morsecodemishaps,0.970185757,0.015550124,0.002349379,0.010094597,0.0018202,reminder system,Reminder System
trusted creditcardco products suitable retired pensioners took advantage vulnerability high cost product sold causing immense financial stress predatorypractices misselling,0.001264414,0.001403631,0.509129226,0.001178689,0.487024009,misselling,MisSelling
frustrating creditcardco reminder system offer multiple notification options everyone checks email regularly limitedreminders,0.983552158,0.002725256,0.00179368,0.010778747,0.001150157,reminder system,Reminder System
loyal customer creditcardco reward program feels like one sided deal annual fee keeps increasing rewards keep shrinking unbalanced,0.00107703,0.948729694,0.046045084,0.002531383,0.001616889,reward programme,Reward Programme
receiving reminder carrier pigeon creditcardco might charming practical today fast paced world slowandinefficient,0.958990633,0.021499271,0.007048646,0.006585623,0.005875794,reminder system,Reminder System
receiving reminder telegrams creditcardco feels like scene period drama let move century shall telegraphtroubles,0.979606986,0.007921774,0.001768312,0.009057106,0.001645836,reminder system,Reminder System
shame creditcardco preying retired pensioners limited income sold product drained savings leaving struggling make ends meet financialexploitation misselling,0.002122266,0.002645058,0.9782269,0.001435135,0.01557063,misselling,MisSelling
shame creditcardco preying retired pensioners limited income sold product drained savings leaving struggling make ends meet financialexploitation misselling,0.002122266,0.002645058,0.9782269,0.001435135,0.01557063,misselling,MisSelling
reminder calls creditcardco always automated lack personalized information easy ignore forget roboticreminders,0.927859008,0.002758067,0.004094115,0.063038602,0.002250168,reminder system,Reminder System
reminder messages creditcardco generic catch attention anymore need something engaging memorable lacklusterreminders,0.992953241,0.002404152,0.001697096,0.00155323,0.001392254,reminder system,Reminder System
tired relying creditcardco reminder system unreliable caused accrue unnecessary late fees inaccuratereminders,0.987824857,0.001529845,0.006697044,0.003209318,0.000738958,reminder system,Reminder System
trying reach customer suppo inquire reward points keep transferring one depament another creditcardco get act together customerservicefail,0.001208613,0.606539667,0.001140913,0.390317738,0.000793203,reward programme,Reward Programme
trying redeem reward points flight creditcardco blackout dates restrictions make nearly impossible find suitable time redemptionhurdles,0.002160223,0.993888021,0.001384799,0.001300989,0.001265974,reward programme,Reward Programme
creditcardco reminder emails straight spam folder causing miss due dates needs fixed asap emailfail,0.947083354,0.002884291,0.007831554,0.040925618,0.001275149,reminder system,Reminder System
disgusted creditcardco targeting retired pensioners low income selling high cost products afford exploiting vulnerable individuals despicable misselling,0.00144237,0.002675996,0.885946929,0.001735843,0.108198851,misselling,MisSelling
disgusted creditcardco targeting retired pensioners low income selling high cost products afford exploiting vulnerable individuals despicable misselling,0.00144237,0.002675996,0.885946929,0.001735843,0.108198851,misselling,MisSelling
feeling frustrated creditcardco reward program points expire quickly making impossible save meaningful redemption shoexpiration,0.00199669,0.992959201,0.002475491,0.001464147,0.001104429,reward programme,Reward Programme
finally managed redeem reward points weeks back foh creditcardco customer service process complicated redemptionstruggles,0.001253277,0.479504079,0.000537887,0.518214583,0.000490166,customer service,Reward Programme
hey creditcardco adveise amazing rewards offer limited availability feels like bait switch tactic falsepromises,0.000759995,0.385948867,0.61135745,0.001466023,0.000467671,misselling,Reward Programme
received fax creditcardco reminder please enter digital age faxinthedigitalera,0.959337473,0.012535365,0.00146786,0.024368562,0.002290839,reminder system,Reminder System
trusted creditcardco took advantage trust sold ridiculously expensive product could gotten much less elsewhere exploitation misselling,0.000379508,0.000735684,0.379410356,0.000601267,0.618873239,product pricing,MisSelling
creditcardco reminder system send notifications day due date enough time make payment lastminutereminders,0.994022608,0.001096094,0.000611433,0.003582537,0.000687263,reminder system,Reminder System
creditcardco sending reminders via fax relic past time catch modern communication methods faxfail,0.982955635,0.003364558,0.001382972,0.010391817,0.001904981,reminder system,Reminder System
apologize confusion caused misleading customer communication committed providing accurate reliable information customers feedback valuable helping achieve goal transparentmessaging,0.004543761,0.005562959,0.034803446,0.951045394,0.004044417,customer service,Channel of Communication
appreciate feedback misleading customer communication rest assured committed providing clear accurate information customers ensuring transparency trust thank raising concern clearandtrustwohymessaging,0.007513833,0.007920563,0.165673062,0.810667157,0.008225336,customer service,Transparency of communication
hey creditcardco changing rewards program accumulated points unfair bait switch loyal customers rewardsmanipulation,0.001608673,0.463774502,0.530860543,0.002993364,0.000762924,misselling,Reward Programme
apologize inconvenience caused timing communication feedback valuable working diligently improve communication strategies better meet needs improvedtiming,0.167509839,0.156400532,0.128674984,0.456882417,0.090532258,customer service,Reminder System
impressed exceptional rewards rate creditcardco satisfying earn rewards everyday purchases rewardsgalore,0.00203536,0.992102742,0.001309142,0.002713927,0.001838785,reward programme,Reward Programme
dear creditcardco consider adding customizable payment reminder notifications allowing users set preferred dates times paymentreminders,0.847728789,0.004758663,0.002123881,0.142608434,0.002780155,reminder system,Reminder System
hey creditcardco automated phone call reminder system upcoming payments would great sometimes texts emails get overlooked paymentreminders,0.95361203,0.001125419,0.000861562,0.04354221,0.000858886,reminder system,Reminder System
hats creditcardco proactive communication upcoming changes credit card terms conditions provided comprehensive explanation ensuring transparency well done termsandconditions,0.01503946,0.037385006,0.013529224,0.926232576,0.007813732,customer service,Transparency of communication
notification creditcardco changes account arrived changes already taken effect timeliness crucial untimelycommunication,0.36397323,0.176459312,0.137740657,0.188131645,0.133695215,reminder system,Channel of Communication
credit card rewards earned creditcardco expired could redeem frustrating feels like waste expiredrewards,0.000812761,0.996437788,0.001396215,0.000824675,0.00052848,reward programme,Reward Programme
apologize incorrect reward points balance card team rectifying issue ensure accurate balance reflected thank patience rewardpoints,0.003757117,0.784457028,0.005113294,0.203794584,0.002877967,reward programme,Reward Programme
tired creditcardco misleading rewards program adveise fantastic benefits nearly impossible redeem emptypromises,0.000622913,0.499500334,0.499027699,0.000457032,0.000392063,reward programme,Reward Programme
apologize confusion regarding credit card rewards redemption process customer suppo team guide steps address concerns redeemrewards,0.00181434,0.235752359,0.000736499,0.760840535,0.000856216,customer service,Reward Programme
received promotional email creditcardco limited time offer expired even read improve timing please missedoppounity,0.088474594,0.706593931,0.104405686,0.071108408,0.029417278,reward programme,Reminder System
understand impoance timely communication feedback valuable actively working enhance timing messages better serve thank patience improvedtiming,0.191070437,0.179758042,0.131678551,0.422441095,0.075051859,customer service,Reminder System
tired creditcardco complex confusing rewards program nearly impossible understand maximize benefits complicatedrewards,0.001245663,0.993857622,0.002546818,0.001230351,0.001119619,reward programme,Reward Programme
hey creditcardco consider implementing missed payment ale system notifies customers immediately payment overlooked helping avoid late fees paymentreminders,0.916519642,0.003207125,0.004175346,0.074327454,0.001770428,reminder system,Reminder System
shoutout creditcardco stellar response credit card reward redemption problem promptly resolved issue received redeemed rewards without hassle thank valuing customers rewardprogram,0.000741575,0.521426916,0.000528722,0.47685957,0.000443215,reward programme,Reward Programme
trying redeem rewards points creditcardco months redemption process overly complicated time consuming redemptionfrustration,0.001606667,0.994005144,0.001243505,0.00216508,0.000979587,reward programme,Reward Programme
understand impoance timely billing information team addressing delay issue ensure next statement delivered promptly thank patience timelycommunication,0.078665644,0.071777135,0.070533328,0.706581116,0.0724428,customer service,Channel of Communication
impressed rewards structure new credit card schemes introduced creditcardco seem offer excellent incentives cardholders rewardsprogram,0.002178062,0.992818713,0.001522716,0.001773546,0.001706842,reward programme,Reward Programme
kudos creditcardco transparent communication credit limit increase process clear explanations requirements make easier customers transparentcommunication,0.075330377,0.086140707,0.065374799,0.712702453,0.060451675,customer service,Channel of Communication
dear creditcardco offering option receive payment reminders via whatsapp popular messaging apps would convenient customers paymentreminders,0.883473516,0.003579994,0.002335391,0.10871727,0.001893912,reminder system,Reminder System
suggestion creditcardco consider introducing voice enabled sma speaker reminders payment due dates offering innovative hands free approach paymentreminders,0.991693974,0.00188219,0.000759065,0.004162875,0.001501854,reminder system,Reminder System
dear creditcardco allowing customers choose preferred mode payment reminder communication email text phone call would cater diverse preferences paymentreminders,0.719543695,0.001867849,0.001069475,0.276635706,0.000883309,reminder system,Channel of Communication
hey creditcardco opted paper statements receive payment reminders often arrive late arrive defeats purpose reminders please ensure timely consistent delivery latestatements paymentreminders,0.942540109,0.002952764,0.005186054,0.04761298,0.001707978,reminder system,Channel of Communication
creditcardco push notifications payment reminders mobile app working properly rely inconsistent sometimes show please fix issue pushnotificationproblem paymentreminders,0.972933769,0.003834811,0.001417114,0.020781379,0.001033025,reminder system,Channel of Communication
hey creditcardco appreciate effo payment reminder emails content vague would helpful include specific amount due due date subject line quick reference clearemails paymentreminders,0.81182152,0.001143405,0.001335296,0.184930667,0.000769159,reminder system,Channel of Communication
dear creditcardco text message reminders lack impoant details like minimum payment amount due date confusing leaves unsure pay please provide complete information incompletetexts paymentreminders,0.88903439,0.001016923,0.004935766,0.104185559,0.000827368,reminder system,Channel of Communication
creditcardco prefer receiving payment reminders via phone call automated system allow speak representative makes difficult address concerns questions nohumaninteraction paymentreminders,0.935363114,0.002331879,0.001801497,0.058804609,0.00169883,reminder system,Channel of Communication
hey creditcardco trying reach suppo team day luck anyone,0.024402309,0.077068441,0.03426205,0.845529914,0.018737324,customer service,Ineffectual Customer Service
creditcardco hold hour customer suppo complete disaster,0.003441489,0.004726118,0.006155436,0.983415961,0.00226103,customer service,Ineffectual Customer Service
got phone creditcardco suppo hour long wait solution provided customerservicefail,0.002554834,0.004172178,0.002299511,0.988873363,0.002100061,customer service,Ineffectual Customer Service
creditcardco lack response urgent issue extremely disappointing actual suppo,0.008942352,0.011763188,0.009147815,0.963844597,0.006302008,customer service,Ineffectual Customer Service
another day another ignored suppo ticket creditcardco even listening customers,0.306348741,0.077508301,0.10720893,0.464588165,0.04434593,customer service,Ineffectual Customer Service
trying reach creditcardco suppo feels like talking wall zero helpful assistance provided,0.033607859,0.0545214,0.037211105,0.845105529,0.029554127,customer service,Ineffectual Customer Service
seriously considering canceling card creditcardco customer suppo nonexistent,0.027677145,0.051483024,0.141060382,0.76134485,0.018434558,customer service,Ineffectual Customer Service
shoutout creditcardco worst suppo experience ever resolution wasted hours time,0.006262989,0.01838614,0.021834511,0.948791921,0.004724432,customer service,Ineffectual Customer Service
hey creditcardco already loyal customer keep bombarding credit card offers focus retention unnecessary acquisitions customerneglect,0.046736989,0.214197516,0.582813621,0.122677438,0.033574421,misselling,Miscellaneous
contacted creditcardco repo fraudulent activity customer service dismissive unhelpful poorfraudsuppo,0.001357023,0.001506475,0.001187026,0.994917154,0.001032295,customer service,Miscellaneous
received credit card excessive credit limit creditcardco even though clearly stated income limitations listen irresponsiblelending,0.052562114,0.061429355,0.795918286,0.060606234,0.029484054,misselling,Miscellaneous
sorry confusion caused credit card installment plan terms customer suppo team provide detailed explanation assist queries installmentplan,0.001343541,0.001407582,0.001164077,0.995235443,0.000849374,customer service,Miscellaneous
hey creditcardco already informed multiple times interested credit card stop wasting paper resources persistentmarketing,0.692677975,0.086601891,0.034236006,0.171241805,0.01524234,reminder system,Miscellaneous
huge thanks creditcardco dedicated team assisted credit card fraud case took immediate action reversed unauthorized charges reinforced trust security measures fraudprotection,0.004469532,0.005890339,0.003040417,0.982407451,0.004192291,customer service,Miscellaneous
thrilled latest credit card schemes unveiled creditcardco refreshing see bringing new oppounities benefits cardholders excitingtimes,0.092040926,0.628991067,0.064371683,0.080702767,0.133893609,reward programme,Miscellaneous
excited learn upcoming credit card schemes creditcardco essential delve deeper fine print analyze practicality financialnews,0.076921217,0.499923229,0.083281115,0.059947662,0.279926717,reward programme,Miscellaneous
big thanks creditcardco fraud protection measures feel secure knowing vigilant monitoring preventing unauthorized activity peaceofmind,0.090465978,0.101072423,0.076249525,0.662321806,0.069890305,customer service,Miscellaneous
credit card debt become burden managed properly impoant create budget develop repayment plan avoid financial strain debtmanagement,0.200941622,0.223499283,0.247518286,0.16724889,0.160791859,misselling,Miscellaneous
feeling deceived creditcardco marketing promised generous cashback program riddled hidden terms conditions misleadingads,0.000820263,0.423271865,0.574628234,0.000745803,0.000533868,misselling,Miscellaneous
shocked sky high interest rates creditcardco like want customers drown debt unreasonablerates,0.049468007,0.058714803,0.765988469,0.054576531,0.071252182,misselling,Miscellaneous
credit card schemes announced creditcardco seem promising however wait feedback users expes get comprehensive understanding waitandwatch,0.068773918,0.414107412,0.166238189,0.305075169,0.045805346,reward programme,Miscellaneous
apologize error credit card statement team working rectify ensure correct charges reflected thank understanding accuratestatements,0.008880676,0.012189625,0.009906282,0.956565738,0.012457689,customer service,Miscellaneous
credit cards provide convenient way make online purchases crucial stay vigilant protect personal information fraud onlinesecurity,0.422654629,0.212786347,0.076816171,0.105832189,0.181910649,reminder system,Miscellaneous
thanks credit card cashback program able save money everyday purchases like getting bonus every month cashback,0.002627046,0.990802526,0.001373093,0.002824621,0.002372797,reward programme,Miscellaneous
sorry inconvenience caused unauthorized transaction credit card fraud team already investigating matter take necessary action securitymatters,0.004946749,0.006768633,0.003598885,0.980811,0.003874679,customer service,Miscellaneous
kudos creditcardco exceptional problem solving skills addressed credit card pin issue promptly guided process setting new pin thank seamless experience customersuppo,0.002625648,0.005287854,0.002227008,0.987790942,0.002068536,customer service,Miscellaneous
kudos creditcardco seamless integration digital wallets incredibly convenient make secure quick payments phone digitalsimplicity,0.173243389,0.276582778,0.155969992,0.217873424,0.176330358,reward programme,Miscellaneous
late payment fees creditcardco unreasonable instead helping customers punish small oversight unfairpenalties,0.083362371,0.050016109,0.086751789,0.727688909,0.052180786,customer service,Miscellaneous
credit card offers great travel perks like airpo lounge access travel insurance making trips even enjoyable travelbenefits,0.009495281,0.94933933,0.007590729,0.01141166,0.022162894,reward programme,Miscellaneous
credit card terms conditions creditcardco intentionally vague confusing took advantage lack understanding unfaircontract,0.005790625,0.059210561,0.923962057,0.006432727,0.004604044,misselling,Miscellaneous
way creditcardco structures billing cycles designed trap customers paying late unethical unfair manipulativebilling,0.124823414,0.084969565,0.623843729,0.092311881,0.074051417,misselling,Miscellaneous
tired creditcardco constant promotional offers flooding mailbox overwhelming wasteful excessivemarketing,0.08493793,0.498045623,0.323815614,0.043172467,0.050028332,reward programme,Miscellaneous
creditcardco steep penalty fees minor late payments feels like punishing customers rather providing suppo unjustfees,0.065762192,0.053558487,0.703431785,0.132571399,0.044676159,misselling,Miscellaneous
received credit card offer creditcardco enticing benefits fine print reveals numerous restrictions exclusions hiddenterms,0.032137014,0.204741016,0.713670731,0.024916651,0.0245346,misselling,Miscellaneous
credit card website creditcardco slow glitchy frustrating trying manage account online websiteissues,0.060496733,0.695576131,0.057550143,0.129661709,0.05671531,reward programme,Miscellaneous
default interest rate creditcardco borderline usurious profiting people financial hardships exploitativepractices,0.166295931,0.171773255,0.300889879,0.137068868,0.223972023,misselling,Miscellaneous
feedback valuable apologize inconvenience caused assure taking immediate steps rectify situation customerfeedback,0.027404698,0.026643896,0.021707574,0.906582594,0.017661287,customer service,Miscellaneous
feedback valuable apologize inconvenience caused assure taking immediate steps rectify situation customerfeedback,0.027404698,0.026643896,0.021707574,0.906582594,0.017661287,customer service,Miscellaneous
interest rate creditcardco keeps increasing even though never missed payment frustrating feels like punishment unjustifiedratehike,0.048633493,0.043019556,0.797103465,0.06370081,0.047542717,misselling,Miscellaneous
loyal customer creditcardco years refuse increase credit limit despite excellent payment history stagnantlimit,0.03401567,0.038583141,0.378450125,0.523613334,0.025337713,customer service,Miscellaneous
credit card offer received creditcardco addressed deceased parent insensitive thoughtless targeting insensitivemarketing,0.02435437,0.231545523,0.713281512,0.019979125,0.010839561,misselling,Miscellaneous
creditcardco persuade switch card offering sign bonus deny bonus meeting requirements baitandswitch,0.000837779,0.094306938,0.902936518,0.00133437,0.00058438,misselling,Miscellaneous
beware creditcardco misleading interest rate offers low introductory rate quickly skyrockets leaving unexpected charges falsepromises,0.001110709,0.001399966,0.992991149,0.000835794,0.003662392,misselling,Miscellaneous
barclaysukhelp askpaypal either please explain paypal account authorised payment using expired card,0.003122113,0.007601635,0.003749533,0.983491123,0.002035626,customer service,Miscellaneous
barclaysukhelp youre nice action dont even know account locked dont means get branch use online much new card ordered wallasey branch days registered app says still,0.026219746,0.013840184,0.002020023,0.956165552,0.001754485,customer service,Ineffectual Customer Service
onthewight aists challenge isle wight festival credit card sponsor barclaycard fossil fuel investments https,0.017324397,0.908505559,0.038635533,0.021785233,0.013749369,reward programme,Miscellaneous
yesterday met team barclaysuk concerned going creeping bank closures high streets adding card society hopeful confirm soon post customers say deeply convinced work hope https rcqai,0.046430975,0.458457381,0.039393045,0.435976207,0.019742409,reward programme,Miscellaneous
barclays since already sent information barclays reason think received could make purchases cards literally credit card company issues pretty much every one fixes stuff instantly,0.014747112,0.020399947,0.008584552,0.944906533,0.011361858,customer service,Ineffectual Customer Service
barclaysukhelp itsstillsmee words however getting letter tomorrow telling interest rates mortgage credit card gone modern day highwaymen,0.053543251,0.007600211,0.038004208,0.895546854,0.005305439,customer service,Inappropriate pricing
barclaysukhelp new customer company waited days card amp pin arrived today full days opened account tried download app amp downloading could soon back natwest rate,0.002308839,0.006458351,0.000894256,0.988684356,0.001654258,customer service,Ineffectual Customer Service
lot come guardian lloydsbank hsbc barclays tescobanknews sold debts knew contaminated ppi mis selling laid house debt collector credit card customers realised liable debt,0.001924169,0.001461739,0.989153087,0.005799206,0.001661872,misselling,MisSelling
thinks banks barclays pay customers least every hour online services inaccessible closed many branches thank goodness credit card today invoice inconvenience,0.037151918,0.058114439,0.023127161,0.864021122,0.01758533,customer service,Ineffectual Customer Service
barclaysuk rang call centre reset card pin card reader still saying blocked long card reader gives option put pin,0.008519386,0.00335525,0.00175907,0.985214651,0.001151607,customer service,Ineffectual Customer Service
barclaysuk barclaycard customer going abroad card expire wasted hour phone get replacement card arrived expiry date useless secure messaging chat available complained heard nothing twitter bravo,0.016905017,0.013735138,0.00767584,0.958148479,0.003535594,customer service,Channel of Communication
hey barclays thanks stopping old bank card new one arrived really helpful trying buy food,0.017430432,0.081175774,0.015630839,0.859128296,0.026634678,customer service,Ineffectual Customer Service
martinslewis itvmlshow message barclays reward card change foreign transactions august,0.011516297,0.978901029,0.003223217,0.004513307,0.001846152,reward programme,Reward Programme
barclaysukhelp yeah time address got updated amp card ordered thing got card delivered pin device requested replacement via online services,0.003027131,0.006472341,0.001025486,0.988102853,0.00137223,customer service,Channel of Communication
barclays people barclays bank help matter cash cows banks need harder screw best saving rate high street bank best credit card interest rate overdraft rate https zwabb,0.022978105,0.146136001,0.05336849,0.759319782,0.018197589,customer service,Inappropriate pricing
frontiercare ready cancel barclays guys try hard get passengers sign onto credit card totally dick around made payment credit card week ago money left bank acct last week,0.051256664,0.011126496,0.449701697,0.485009015,0.00290612,customer service,Ineffectual Customer Service
changed credit limit received text said struggle use debit card stay limit peak spending times could higher lower limit never defaulted paying statement,0.748384237,0.02953822,0.030927317,0.176292643,0.014857637,reminder system,Inappropriate pricing
barclaycard martinslewis year old mum savings credit limit cut barclaycard regular payments going account mortgage loan repayments solvent policy makes sense please explain,0.351896822,0.101155363,0.1238086,0.338143021,0.084996246,reminder system,Inappropriate pricing
dguillaume barclaycard sxa taking long supported practically every bank credit card company,0.088408232,0.235093608,0.095735781,0.518308103,0.062454246,customer service,Ineffectual Customer Service
barclaysukhelp information sent refers platinum card reward card astonished record date global alliance ceased,0.004617015,0.72882086,0.001849748,0.263927251,0.000785108,reward programme,Reward Programme
barclaysukhelp referring debit card barclaycard reward visa credit card,0.002819172,0.825093031,0.003513715,0.166901216,0.001672823,reward programme,Reward Programme
castellinda terrible customer service barclays jetblue card mastercard minutes explain reps reverse fees,0.001486299,0.009470046,0.001888063,0.985581875,0.001573678,customer service,Ineffectual Customer Service
barclays open basic current account online email anything card sent,0.055464424,0.110389315,0.039986618,0.768417239,0.025742503,customer service,Channel of Communication
keithbevan credit card companies cancel interest months would help barclays amex,0.157802194,0.386744291,0.173687786,0.221174881,0.060590856,reward programme,Inappropriate pricing
barclaysukhelp zoe spoke multiple people day saturday including still ability pay bills transfer money promise call back account inaccessible apart using debit card really enough left hanging,0.006313325,0.002698411,0.002748062,0.986394823,0.00184531,customer service,Ineffectual Customer Service
barclaysukhelp opened young persons account never even received debit card months,0.098084517,0.075836584,0.148445889,0.6348508,0.042782165,customer service,Ineffectual Customer Service
barclaysukhelp recently applied barclays business account slight hiccup start got past finally got card pin needed call one piece info missing spoke ekaterina sorted everything professional polite,0.002715188,0.002282389,0.000678599,0.993532479,0.000791378,customer service,Ineffectual Customer Service
barclaysuk actually pay back money monthly get charged extra get rejected card laughable well wanted get avios points,0.008465691,0.661076486,0.29566139,0.025711335,0.009085122,reward programme,Reward Programme
simonpulleyn thetimes credit card company fail cancel account wrote wrote second time relevant gov office complied barclays,0.029522812,0.070595279,0.052898154,0.829378366,0.017605362,customer service,Ineffectual Customer Service
barclaysukhelp dropped direct messages heard back still service trying use app pay bills transfer money debit card works pay bills either mine husbands account,0.016906727,0.00728427,0.007744017,0.962085962,0.005978989,customer service,Ineffectual Customer Service
barclaysuk written wife say regrettably reduce credit limit think stuck somewhere needs use card card years thanks nothing barclays absolute wankers,0.124913715,0.046275198,0.130762413,0.659324884,0.038723715,customer service,Inappropriate pricing
jetblue applied jetblue plus barclays card points offer spend first days see points called barclays say points offer said honor offer,0.001783664,0.981808364,0.006951976,0.008093551,0.001362471,reward programme,Transparency of communication
barclaysukhelp staff cancelled elderly grand mothers card leaving unable pay super disgusting mum getting staff cutting calls english speaking call center staff poor move bank whole family,0.001742522,0.001853574,0.002131616,0.992949367,0.001322882,customer service,Ineffectual Customer Service
jennibuttonusa sarahliz adamundefined cracking birthday thread credit cards anyone know kept chase southwest card whole time ramsey two chase cards barclays american almost covered flights italy summer,0.122532561,0.552777886,0.179949269,0.087551631,0.057188634,reward programme,Reward Programme
hello thanks post sorry hear application card rejected assure lot taken consideration decision made take info credit file make sure meet eligibility card,0.024524542,0.012473261,0.010598211,0.945033014,0.007370998,customer service,Ineffectual Customer Service
,,,,,,,
,,,,,,,
,,,,,,,
,,,,,,,
,,,,,,,
,,,,,,,
,,,,,,,
,,,,,,,
,,,,,,,
,,,,,,,
,,,,,,,
,,,,,,,
,,,,,,,
,,,,,,,
,,,,,,,
,,,,,,,
,,,,,,,
,,,,,,,
,,,,,,,
,,,,,,,
,,,,,,,
,,,,,,,
,,,,,,,
,,,,,,,
,,,,,,,
,,,,,,,
,,,,,,,
,,,,,,,
,,,,,,,
,,,,,,,
,,,,,,,
,,,,,,,
,,,,,,,
,,,,,,,
,,,,,,,
,,,,,,,
,,,,,,,
,,,,,,,
,,,,,,,
,,,,,,,
,,,,,,,
,,,,,,,
,,,,,,,
,,,,,,,
,,,,,,,
,,,,,,,
,,,,,,,
,,,,,,,
,,,,,,,
,,,,,,,
,,,,,,,
,,,,,,,
,,,,,,,
,,,,,,,
,,,,,,,
,,,,,,,
,,,,,,,
,,,,,,,
,,,,,,,
,,,,,,,
,,,,,,,
,,,,,,,
,,,,,,,
,,,,,,,
,,,,,,,
,,,,,,,
,,,,,,,
,,,,,,,
,,,,,,,
,,,,,,,
,,,,,,,
,,,,,,,
,,,,,,,
,,,,,,,
,,,,,,,
,,,,,,,
,,,,,,,
,,,,,,,
,,,,,,,
,,,,,,,
,,,,,,,
,,,,,,,
,,,,,,,
,,,,,,,
,,,,,,,
,,,,,,,
,,,,,,,
,,,,,,,
,,,,,,,
,,,,,,,
,,,,,,,
,,,,,,,
,,,,,,,
,,,,,,,
,,,,,,,
,,,,,,,
,,,,,,,
,,,,,,,
,,,,,,,
,,,,,,,
,,,,,,,
,,,,,,,
,,,,,,,
,,,,,,,
,,,,,,,
,,,,,,,
,,,,,,,
,,,,,,,
,,,,,,,
,,,,,,,
,,,,,,,
,,,,,,,
,,,,,,,
,,,,,,,
,,,,,,,
,,,,,,,
,,,,,,,
,,,,,,,
,,,,,,,
,,,,,,,
,,,,,,,
,,,,,,,
,,,,,,,
,,,,,,,
,,,,,,,
,,,,,,,
,,,,,,,
,,,,,,,
,,,,,,,
,,,,,,,
,,,,,,,
,,,,,,,
,,,,,,,
,,,,,,,
,,,,,,,
,,,,,,,
,,,,,,,
,,,,,,,
,,,,,,,
,,,,,,,
,,,,,,,
,,,,,,,
,,,,,,,
,,,,,,,
,,,,,,,
,,,,,,,
,,,,,,,
,,,,,,,
,,,,,,,
,,,,,,,
,,,,,,,
,,,,,,,
,,,,,,,
,,,,,,,
,,,,,,,
,,,,,,,
,,,,,,,
,,,,,,,
,,,,,,,
,,,,,,,
,,,,,,,
,,,,,,,
,,,,,,,
,,,,,,,
,,,,,,,
,,,,,,,
,,,,,,,
,,,,,,,
,,,,,,,
,,,,,,,
,,,,,,,
,,,,,,,
,,,,,,,
,,,,,,,
,,,,,,,
,,,,,,,
,,,,,,,
,,,,,,,
,,,,,,,
,,,,,,,
,,,,,,,
,,,,,,,
,,,,,,,
,,,,,,,
,,,,,,,
,,,,,,,
,,,,,,,
,,,,,,,
,,,,,,,
,,,,,,,
,,,,,,,
,,,,,,,
,,,,,,,
,,,,,,,
,,,,,,,
,,,,,,,
,,,,,,,
,,,,,,,
,,,,,,,
