clean_text,reminder system,reward programme,misselling,product pricing,customer service,output,label
sms reminders creditcardco vague cryptic supposed remember due date without clear information confusingmessages,0.9953102469444275,0.0003027682250831276,0.0003205117827747017,0.00011628488573478535,0.003950188402086496,reminder system,reminder system
credit card rewards program creditcardco convoluted even figure redeem points rewardfrustration,0.00016728347691241652,0.9993393421173096,0.00018461536092218012,9.191992285195738e-05,0.00021679847850464284,reward programme,reward programme
hey creditcardco integrating payment reminder ales viual assistant platforms like siri google assistant would make convenient customers stay informed paymentreminders,0.9742342233657837,0.0016151185845956206,0.0004649614274967462,0.0005899136886000633,0.02309577539563179,reminder system,reminder system
discovered creditcardco called exclusive offer retired pensioners nothing trap hidden fees high costs pushing financial hardship deceptivesales misselling,0.00019793430692516267,0.00046790234046056867,0.9972398281097412,0.0018819398246705532,0.00021246391406748444,misselling,misselling
notification creditcardco changes credit limit arrived already made large purchase poor timing lack consideration untimelycommunication,0.1713162213563919,0.03086029924452305,0.14196106791496277,0.0060670278035104275,0.6497954726219177,customer service,reminder system
feeling betrayed creditcardco marketed product specifically retired pensioners promising financial security burdened unmanageable debt targetedexploitation misselling,7.306366751436144e-05,0.00013896540622226894,0.99924236536026,0.00024202694476116449,0.00030359241645783186,misselling,misselling
trusted creditcardco products suitable retired pensioners took advantage vulnerability high cost product sold causing immense financial stress predatorypractices misselling,7.197848026407883e-05,0.0001247543259523809,0.9959533214569092,0.003686537966132164,0.0001634337822906673,misselling,misselling
loyal customer creditcardco reward program feels like one sided deal annual fee keeps increasing rewards keep shrinking unbalanced,0.0017032435862347484,0.9811091423034668,0.009017568081617355,0.0003113408456556499,0.007858704775571823,reward programme,reward programme
creditcardco reward program needs major overhaul accumulated many points redemption options lackluster uninspiring rewardprogramfail,0.00016554011381231248,0.9991084933280945,0.0006684702238999307,1.6167805370059796e-05,4.127814099774696e-05,reward programme,reward programme
feeling betrayed creditcardco marketed product specifically retired pensioners promising financial security burdened unmanageable debt targetedexploitation misselling,7.306366751436144e-05,0.00013896540622226894,0.99924236536026,0.00024202694476116449,0.00030359241645783186,misselling,misselling
feeling frustrated creditcardco reward program points expire quickly making impossible save meaningful redemption shoexpiration,0.0006619472987949848,0.9982576966285706,0.00044074893230572343,0.00014383190136868507,0.0004957917262800038,reward programme,reward programme
due date reminders creditcardco easily overlooked cluttered inbox need attention grabbing format subject line getnoticed,0.9882746338844299,0.0006251964950934052,0.0034412206150591373,0.0007118635694496334,0.006946993991732597,reminder system,reminder system
choosing right credit card requires careful consideration interest rates fees rewards programs impoant compare options making decision creditcardselection,0.008279222063720226,0.7471091747283936,0.05080480873584747,0.008368794806301594,0.18543802201747894,reward programme,reward programme
creditcardco always send impoant updates weekends holidays customer service unavailable inconvenient frustrating pooiming,0.00021950296650175005,4.7836132580414414e-05,0.0006214935565367341,0.0011400248622521758,0.9979711771011353,customer service,reminder system
feeling scammed creditcardco convinced purchase high cost product promising incredible benefits turned total rip fraudulentsales misselling,3.03423912555445e-05,0.00014135891979094595,0.9982954859733582,0.0010894362349063158,0.00044327156501822174,misselling,misselling
apologize inconvenience caused pricing structure rest assured committed providing competitive transparent pricing benefits customers thank feedback transparentpolicies,0.014519225805997849,0.04161595553159714,0.036914337426424026,0.08069652318954468,0.8262539505958557,customer service,product pricing
creditcardco high default interest rates like want profit people financial struggles exploitativepricing,0.07008980959653854,0.07572753727436066,0.6382162570953369,0.12282761186361313,0.09313873946666718,misselling,product pricing
thank bringing issue altered product pricing attention value feedback committed considering impact customers making changes customerfirst,4.845361763727851e-05,6.894888065289706e-05,8.839822839945555e-05,0.996940553188324,0.002853683428838849,product pricing,product pricing
apologize inconvenience caused pricing structure feedback impoant committed evaluating adjusting fees better align customer needs thank input customercentricapproach,0.005863352213054895,0.01665516197681427,0.016271650791168213,0.03398067504167557,0.9272292256355286,customer service,product pricing
thank bringing issue product pricing attention value feedback dedicated ensuring pricing changes communicated effectively customer impact mind customerfeedbackmatters,9.851851791609079e-05,0.00017778918845579028,0.0001265709288418293,0.9977851510047913,0.0018119349842891097,product pricing,product pricing
thank bringing issue product pricing attention value feedback dedicated ensuring pricing changes communicated effectively customer impact mind customerfeedbackmatters,9.851851791609079e-05,0.00017778918845579028,0.0001265709288418293,0.9977851510047913,0.0018119349842891097,product pricing,product pricing
thank sharing concerns altered product pricing genuinely appreciate feedback committed considering impact customers making pricing decisions customerimpactconsidered,0.0015060390578582883,0.0027648769319057465,0.002253682352602482,0.9767373204231262,0.016738034784793854,product pricing,product pricing
thank bringing issue product pricing attention value feedback dedicated ensuring pricing changes communicated effectively customer impact mind customerfeedbackmatters,9.851851791609079e-05,0.00017778918845579028,0.0001265709288418293,0.9977851510047913,0.0018119349842891097,product pricing,product pricing
dear creditcardco offering two day grace period payment due date could helpful customers occasionally miss deadline paymentreminders,0.3421068787574768,0.08209439367055893,0.010076035745441914,0.027910500764846802,0.5378121733665466,customer service,reminder system
apologize inconvenience caused timing communication feedback impoant working enhancing communication strategies ensure timely effective delivery thank patience improvedtimeliness,0.2053295522928238,0.056517455726861954,0.09081575274467468,0.025029819458723068,0.6223073601722717,customer service,reminder system
hey creditcardco sending payment reminders day due date counterproductive give customers enough time respond lastminutereminder,0.7089265584945679,0.020183298736810684,0.11301781237125397,0.0013644291320815682,0.15650787949562073,reminder system,reminder system
creditcardco always send impoant updates peak business hours difficult reach customer service consider availability inconvenienttiming,0.013678507879376411,0.0031084835063666105,0.02459261566400528,0.002902263542637229,0.9557181596755981,customer service,reminder system
apologize inconvenience caused timing communication feedback impoant working enhancing communication strategies ensure timely effective delivery thank patience improvedtimeliness,0.2053295522928238,0.056517455726861954,0.09081575274467468,0.025029819458723068,0.6223073601722717,customer service,reminder system
hey creditcardco sending payment due reminders due date passed counterproductive improve timing latereminder,0.4028008282184601,0.035004787147045135,0.11437796801328659,0.007534375414252281,0.44028204679489136,customer service,reminder system
credit card rewards programs offer value essential assess spending habits choose program aligns personal preferences rewardsevaluation,0.00020169281924609095,0.9990765452384949,0.000300212181173265,8.289251127280295e-05,0.00033859044197015464,reward programme,reward programme
suggestion creditcardco implement mobile app feature sends push notifications payment reminders ensuring timely payments paymentreminders,0.7572669386863708,0.024171005934476852,0.011102343909442425,0.012206442654132843,0.19525328278541565,reminder system,reminder system
hey creditcardco integrating payment reminder ales viual assistant platforms like siri google assistant would make convenient customers stay informed paymentreminders,0.9742342233657837,0.0016151185845956206,0.0004649614274967462,0.0005899136886000633,0.02309577539563179,reminder system,reminder system
suggestion creditcardco explore option sending payment reminders social media platforms like twitter facebook quick easy access paymentreminders,0.7908016443252563,0.012586968950927258,0.004424871876835823,0.007501549553126097,0.18468503654003143,reminder system,reminder system
dear creditcardco providing option customers schedule payment reminder calls texts specific times suit preferences would helpful paymentreminders,0.5484813451766968,0.006603502202779055,0.003359695663675666,0.002310455311089754,0.4392450153827667,reminder system,reminder system
suggestion creditcardco offering dedicated mobile app widget displays upcoming payment due dates home screen would serve constant reminder paymentreminders,0.8864416480064392,0.009225727990269661,0.0039512584917247295,0.005110885947942734,0.09527049958705902,reminder system,reminder system
understand impoance timely communication feedback valuable actively working enhance timing messages better serve thank patience improvedtiming,0.22438962757587433,0.1431829035282135,0.13132454454898834,0.06580175459384918,0.43530118465423584,customer service,reminder system
kudos creditcardco interactive chatbot service payment reminders user friendly accessible way receive notifications paymentreminders,0.23597140610218048,0.023711130023002625,0.002626829082146287,0.000990539789199829,0.7367001175880432,customer service,reminder system
apologize inconvenience caused timing communication feedback impoant working enhancing communication strategies ensure timely effective delivery thank patience improvedtimeliness,0.2053295522928238,0.056517455726861954,0.09081575274467468,0.025029819458723068,0.6223073601722717,customer service,reminder system
credit card received creditcardco match features rewards adveised letdown mismatchedoffer,0.00040747778257355094,0.979557454586029,0.008924058638513088,0.00021226766693871468,0.010898783802986145,reward programme,reward programme
curious learn new credit card schemes creditcardco offer better rewards perks compared existing ones competition,0.00012355795479379594,0.9985591173171997,6.656405457761139e-05,0.00010924456728389487,0.001141533488407731,reward programme,reward programme
received promotional email creditcardco limited time offer expired even read improve timing please missedoppounity,0.08761613070964813,0.5676921010017395,0.05409810692071915,0.018954094499349594,0.2716396152973175,reward programme,reminder system
impressed generous rewards program offered creditcardco able earn valuable points redeem amazing perks rewardingexperience,5.121780122863129e-05,0.999841570854187,5.209109076531604e-05,1.8446076865075156e-05,3.668083809316158e-05,reward programme,reward programme
understand impoance timely communication feedback valuable actively working enhance timing messages better serve thank patience improvedtiming,0.22438962757587433,0.1431829035282135,0.13132454454898834,0.06580175459384918,0.43530118465423584,customer service,reminder system
announcement creditcardco schemes generating buzz reserve opinion information eligibility criteria rewards structure informeddecisions,0.0025043683126568794,0.992689847946167,0.0007710214704275131,0.00046866314369253814,0.0035660932771861553,reward programme,reward programme
beware creditcardco tactics pushed high cost product suit needs shameful sales practices deceptivesales misselling,3.9936243410920724e-05,6.631942960666493e-05,0.9974350333213806,0.0022804075852036476,0.00017832186131272465,misselling,misselling
discovered creditcardco called exclusive offer retired pensioners nothing trap hidden fees high costs pushing financial hardship deceptivesales misselling,0.00019793430692516267,0.00046790234046056867,0.9972398281097412,0.0018819398246705532,0.00021246391406748444,misselling,misselling
realized high cost product purchased credit card completely misrepresented creditcardco unacceptable missold misselling,7.838475721655414e-05,7.36041838536039e-05,0.7898086905479431,0.20988304913043976,0.0001562877296237275,misselling,misselling
thanks credit card rewards program redeemed points free flight best feeling ever rewardsprogram,0.00020910434250254184,0.9994368553161621,6.796309753553942e-05,0.00013738124107476324,0.00014866395213175565,reward programme,reward programme
apologize timing communication feedback valuable working improve effectiveness relevance messages thank bringing attention timelycommunication,0.3531120717525482,0.20134146511554718,0.15278691053390503,0.04826074466109276,0.2444988191127777,reminder system,reminder system
hey creditcardco integrating payment reminders popular personal finance apps would convenient users stay top payments paymentreminders,0.9919107556343079,0.002338359598070383,0.00039300424396060407,0.0007305177859961987,0.00462736189365387,reminder system,reminder system
credit card rewards earned regular spending impoant assess whether benefits offset potential interest charges fees rewardsassessment,0.00703282980248332,0.9535291194915771,0.020147060975432396,0.0102510591968894,0.009039896540343761,reward programme,reward programme
grateful creditcardco competitive cashback program rewarding earn money back spending cashbackbonanza,0.00015120992611628026,0.9981184005737305,0.00016192409384530038,9.888428030535579e-05,0.0014695600839331746,reward programme,reward programme
received credit card offer creditcardco rewards program align spending habits research mismatchedoffer,0.0002814899489749223,0.9901771545410156,0.007369432132691145,0.0002520672860555351,0.0019198349909856915,reward programme,reward programme
hey creditcardco incorporating sms based payment reminders direct link one click payment could simplify process customers paymentreminders,0.8613736033439636,0.0085041094571352,0.003569892840459943,0.0016493682051077485,0.1249031126499176,reminder system,reminder system
refreshing see company take responsibility mis selling credit card kudos bank acknowledging issue working towards fair resolution appreciate commitment customer satisfaction accountability impressed,0.0001944050018209964,0.0007865524385124445,0.7754627466201782,6.924733315827325e-05,0.22348695993423462,misselling,misselling
mis selling incidents frustrating glad bank listened concerns took corrective measures regained trust addressing situation promptly thank valuing customers trustrestored happycustomer,9.124320058617741e-05,0.00064559729071334,0.9799457788467407,8.641422755317762e-05,0.01923098973929882,misselling,misselling
hats bank transparency accountability acknowledged mis selling credit cards reached affected customers offered suitable solutions refreshing see integrity transparency impressive,0.006569674238562584,0.003845220897346735,0.6679311990737915,0.007564222440123558,0.3140896260738373,misselling,misselling
got caught mis selling incident credit card bank resolution team top rectified issue swiftly leaving positive impression thanks quick response effectiveresolution satisfiedcustomer,3.2645493774907663e-05,0.0001527613349026069,0.7803618907928467,0.00044900024659000337,0.21900366246700287,misselling,misselling
seriously creditcardco justify exorbitant annual fees high interest rates feels like rip unfairpricing,0.05478722229599953,0.015526153147220612,0.6765797734260559,0.21033050119876862,0.04277632385492325,misselling,product pricing
creditcardco pricing structure maze navigate hidden fees penalties confusing terms make impossible understand paying transparencyplease,0.07904264330863953,0.08480203151702881,0.18750479817390442,0.5441439747810364,0.10450652986764908,product pricing,product pricing
got hit unexpected charges creditcardco upfront pricing pricesurprise,0.028621571138501167,0.01409919373691082,0.08624652773141861,0.8468963503837585,0.02413632906973362,product pricing,product pricing
loyal customer expect better creditcardco arbitrary pricing changes leaving sour taste mouth customerdissatisfaction,0.0049816337414085865,0.005395455285906792,0.15720005333423615,0.09288210421800613,0.7395407557487488,customer service,product pricing
dear creditcardco tiered pricing system seems like way squeeze money hardworking individuals pricediscrimination,0.14128969609737396,0.07289312034845352,0.5293340682983398,0.23204784095287323,0.024435238912701607,misselling,product pricing
tired creditcardco unpredictable pricing time transparency fair treatment customers pricestability,0.014789337292313576,0.005422177724540234,0.027767308056354523,0.07794491201639175,0.874076247215271,customer service,product pricing
hey creditcardco pricing changes without warning making difficult budget get consistency please budgetingnightmare,0.07446964085102081,0.044981177896261215,0.09316791594028473,0.6591857075691223,0.12819556891918182,product pricing,product pricing
creditcardco pricing games driving crazy like never ending roller coaster charges fees pricemadness,0.0006760519463568926,0.0002697344752959907,0.005333870183676481,0.9932251572608948,0.0004952052840963006,product pricing,product pricing
frustrating creditcardco lures customers low introductory rates skyrocket later deceptive pricing please falsepromises,0.004459504969418049,0.013663163408637047,0.6110042333602905,0.2874762713909149,0.0833967998623848,misselling,product pricing
dear creditcardco pricing tactics predatory unfair stop preying people financial vulnerability unethicalpricing,0.00017210251826327294,7.598705269629136e-05,0.9971518516540527,0.0017849860014393926,0.0008150343783199787,misselling,product pricing
hey creditcardco hidden fees fine print masterclass deceptive pricing time clean act pricingtricks,0.024764228612184525,0.02345467545092106,0.7636602520942688,0.15553392469882965,0.032586876302957535,misselling,product pricing
creditcardco pricing structure nightmare like want confuse frustrate customers purpose customerexploitation,0.006451779510825872,0.00491719925776124,0.12955157458782196,0.8370415568351746,0.02203785628080368,product pricing,product pricing
hey creditcardco pricing touch reality people struggling making worse unjust charges insensitivepricing,0.0206674225628376,0.024064896628260612,0.5901642441749573,0.3063192069530487,0.05878426879644394,misselling,product pricing
creditcardco pricing structure designed trap people debt time prioritize financial well profits debttrap,0.05522170290350914,0.030483845621347427,0.4006458520889282,0.4704538881778717,0.04319477453827858,product pricing,product pricing
dear creditcardco pricing changes like bad soap opera think another twist neverendingfees,0.11880470812320709,0.006796768866479397,0.1767714023590088,0.6508158445358276,0.046811290085315704,product pricing,product pricing
creditcardco pricing transparency non existent time come clean stop hiding behind confusing terms conditions hiddencharges,0.016093408688902855,0.01486849132925272,0.22413434088230133,0.6853444576263428,0.05955924466252327,product pricing,product pricing
creditcardco pricing structure maze escape time simplify provide clarity customers pricingconfusion,0.13963979482650757,0.022095324471592903,0.09470496326684952,0.5812060236930847,0.16235387325286865,product pricing,product pricing
another month another surprise fee creditcardco like making charges see much get away feefrustration,0.04366249963641167,0.10292397439479828,0.49369606375694275,0.11315883696079254,0.24655863642692566,misselling,product pricing
thank bringing issue altered product pricing attention take customer impact seriously carefully consider aspects making changes future customercentricapproach,3.670872683869675e-05,6.71702073304914e-05,3.6612949770642444e-05,0.9996265172958374,0.00023305007198359817,product pricing,product pricing
tired creditcardco predatory pricing structure intentionally keep interest rates sky high trap customers debt predatorylending,0.06440848857164383,0.0360938161611557,0.5459114909172058,0.31159910559654236,0.04198702052235603,misselling,product pricing
apologize pricing structure caused inconvenience feedback valuable actively reviewing adjusting fees charges better serve customers thank understanding customeroriented,8.737143798498437e-05,0.0003176104510203004,0.0003027034690603614,0.0006340646650642157,0.9986582398414612,customer service,product pricing
apologize pricing structure caused inconvenience feedback valuable actively reviewing adjusting fees charges better serve customers thank understanding customeroriented,8.737143798498437e-05,0.0003176104510203004,0.0003027034690603614,0.0006340646650642157,0.9986582398414612,customer service,product pricing
frustrated creditcardco pricing structure purposely make terms confusing take advantage customers lack understanding exploitativepractices,0.03234691545367241,0.017983453348279,0.4173538386821747,0.4682498574256897,0.06406592577695847,product pricing,product pricing
thank bringing issue product pricing attention appreciate feedback committed considering customer impact feedback making pricing decisions customerfeedbackvalued,8.928479655878618e-05,0.00031629332806915045,0.00011670848471112549,0.9985973238945007,0.0008803595555946231,product pricing,product pricing
thank bringing issue product pricing attention appreciate feedback committed considering customer impact feedback making pricing decisions customerfeedbackvalued,8.928479655878618e-05,0.00031629332806915045,0.00011670848471112549,0.9985973238945007,0.0008803595555946231,product pricing,product pricing
thank bringing issue product pricing attention appreciate feedback committed considering customer impact feedback making pricing decisions customerfeedbackvalued,8.928479655878618e-05,0.00031629332806915045,0.00011670848471112549,0.9985973238945007,0.0008803595555946231,product pricing,product pricing
feeling deceived creditcardco reward program enticing sign bonus turned nearly impossible achieve due hidden spending requirements falsepromises,0.0002589240320958197,0.9948235750198364,0.0044815316796302795,5.0768881919793785e-05,0.00038513136678375304,reward programme,reward programme
feeling frustrated creditcardco reminder system unreliable inconsistent afford keep missing due dates latepaymentissues,0.9990123510360718,5.42081288585905e-05,0.0001153903576778248,2.701372250157874e-05,0.0007910262211225927,reminder system,reminder system
received notice creditcardco reducing cashback percentage consider would affect loyal customers rewardsdevaluation,0.1005258560180664,0.417149156332016,0.11990112066268921,0.0054968055337667465,0.3569270372390747,reward programme,reward programme
hey creditcardco reward points low redemption value disheaening see little loyalty woh undervaluedrewards,0.0009172619320452213,0.9935018420219421,0.0037764417938888073,0.000896599143743515,0.0009079018491320312,reward programme,reward programme
creditcardco still using carrier pigeons send due date reminders slow unreliable leaves room errors pigeonmailissues,0.5937390923500061,0.061677079647779465,0.07056379318237305,0.009163124486804008,0.26485684514045715,reminder system,reminder system
excited hear new credit card schemes announced creditcardco looking forward exploring benefits rewards offer creditcardschemes,0.07173532247543335,0.8044987916946411,0.026675928384065628,0.02858603000640869,0.06850383430719376,reward programme,reward programme
checks voicemail days creditcardco using voicemail primary mode sending reminders ineffective outdated voicemailwoes,0.9722753763198853,0.0007349321385845542,0.0008760201744735241,7.788512448314577e-05,0.026035867631435394,reminder system,reminder system
creditcardco sales representative misled buying expensive product need feeling cheated deceived misselling,2.9010952857788652e-05,0.00011006229760823771,0.997285008430481,0.0006903287721797824,0.0018856087699532509,misselling,misselling
reward program offered creditcardco simply woh high spending requirements minimal benefits make hassle perk notwohit,0.00011658506991807371,0.9978946447372437,0.0016498420154675841,8.777169568929821e-05,0.0002511005732230842,reward programme,reward programme
missed another due date creditcardco reminder system sends notifications business hours reminders evening weekends limitedavailability,0.9979802370071411,0.00017909810412675142,0.00012263740063644946,1.3929436136095319e-05,0.0017041097162291408,reminder system,reminder system
hey creditcardco sending payment reminder day due date helpful give customers time take action lastminutereminder,0.6234757304191589,0.010275832377374172,0.012881980277597904,0.001566452905535698,0.35179996490478516,reminder system,reminder system
feeling deceived creditcardco reward program enticing sign bonus turned nearly impossible achieve due hidden spending requirements falsepromises,0.0002589240320958197,0.9948235750198364,0.0044815316796302795,5.0768881919793785e-05,0.00038513136678375304,reward programme,reward programme
smoke signals used creditcardco send reminders must fading quickly time upgrade efficient options smokesignalissues,0.9852164387702942,0.0011865178821608424,0.0013216325314715505,0.0003099724417552352,0.011965448968112469,reminder system,reminder system
email primary mode communication creditcardco still sending paper reminders often get lost mail paperwaste,0.9673842787742615,0.0026165780145674944,0.0025914807338267565,0.0002742807555478066,0.02713332325220108,reminder system,reminder system
beware creditcardco tactics pushed high cost product suit needs shameful sales practices deceptivesales misselling,3.9936243410920724e-05,6.631942960666493e-05,0.9974350333213806,0.0022804075852036476,0.00017832186131272465,misselling,misselling
customer service creditcardco needs serious improvement unhelpful lack knowledge reward program terms conditions poorsuppo,1.3964002391730901e-05,0.43269380927085876,0.00041096509085036814,4.987894499208778e-06,0.566876232624054,customer service,reward programme
creditcardco reward program needs upgrade lack innovative features personalized offers falling behind competitors market outdated,4.4111500756116584e-05,0.9994766116142273,0.0003959900641348213,2.4985207346617244e-05,5.831952148582786e-05,reward programme,reward programme
creditcardco sending reminders carrier pigeons might sound charming reliable timely birddeliveryfail,0.9842126965522766,0.0016197451623156667,0.002028547925874591,0.00043034294503740966,0.011708682402968407,reminder system,reminder system
creditcardco mobile push notification reminder option much effective relying emails calls outdatednotifications,0.9979661703109741,0.00020009353465866297,0.0002391490270383656,0.00017926844884641469,0.0014153592055663466,reminder system,reminder system
hey creditcardco reward points low redemption value disheaening see little loyalty woh undervaluedrewards,0.0009172619320452213,0.9935018420219421,0.0037764417938888073,0.000896599143743515,0.0009079018491320312,reward programme,reward programme
realized high cost product purchased credit card completely misrepresented creditcardco unacceptable missold misselling,7.838475721655414e-05,7.36041838536039e-05,0.7898086905479431,0.20988304913043976,0.0001562877296237275,misselling,misselling
feeling deceived creditcardco aggressive sales tactics pushed signing credit card hidden fees high interest rates missold,4.11731525673531e-05,5.6272408983204514e-05,0.9997085332870483,1.3190086065151263e-05,0.0001808310189517215,misselling,misselling
feeling scammed creditcardco convinced purchase high cost product promising incredible benefits turned total rip fraudulentsales misselling,3.03423912555445e-05,0.00014135891979094595,0.9982954859733582,0.0010894362349063158,0.00044327156501822174,misselling,misselling
tired receiving promotional emails creditcardco amazing reward program find offers irrelevant unattainable misleadingads,0.0013406937941908836,0.9893918037414551,0.005614599213004112,5.519113619811833e-05,0.003597645554691553,reward programme,reward programme
feeling frustrated creditcardco reward program annual fee keeps increasing benefits remain stagnant time switch better option timetomoveon,6.884212052682415e-05,0.9992408156394958,0.0003994903527200222,4.338136568549089e-05,0.0002474734792485833,reward programme,reward programme
carrier pigeons delivering creditcardco reminders must gotten lost please switch reliable methods pigeonpostfail,0.9424298405647278,0.0024703163653612137,0.003906974568963051,0.0004166897851973772,0.05077613517642021,reminder system,reminder system
years using creditcardco expected better reward program limited selection merchandise travel options disappointing limitedchoices,0.0004888675757683814,0.997539758682251,0.0014228990767151117,0.00017092649068217725,0.0003775324148591608,reward programme,reward programme
telegrams creditcardco due date reminders seriously time embrace modern efficient communication channels timetoupgrade,0.9885191321372986,0.0008817733614705503,0.0004391818365547806,0.00010417777230031788,0.01005579438060522,reminder system,reminder system
creditcardco reward program needs major overhaul accumulated many points redemption options lackluster uninspiring rewardprogramfail,0.00016554011381231248,0.9991084933280945,0.0006684702238999307,1.6167805370059796e-05,4.127814099774696e-05,reward programme,reward programme
trusted creditcardco took advantage trust sold ridiculously expensive product could gotten much less elsewhere exploitation misselling,9.999085159506649e-05,0.00029783547506667674,0.3222770392894745,0.6770888566970825,0.00023626373149454594,product pricing,misselling
customer service creditcardco needs serious improvement unhelpful lack knowledge reward program terms conditions poorsuppo,1.3964002391730901e-05,0.43269380927085876,0.00041096509085036814,4.987894499208778e-06,0.566876232624054,customer service,reward programme
creditcardco reward program needs upgrade lack innovative features personalized offers falling behind competitors market outdated,4.4111500756116584e-05,0.9994766116142273,0.0003959900641348213,2.4985207346617244e-05,5.831952148582786e-05,reward programme,reward programme
creditcardco reminder system allow customization want choose receive reminders align schedule onesizedoesntfitall,0.9992213845252991,2.7692914954968728e-05,3.398962871870026e-05,8.13730093796039e-06,0.0007087466074153781,reminder system,reminder system
reward program offered creditcardco simply woh high spending requirements minimal benefits make hassle perk notwohit,0.00011658506991807371,0.9978946447372437,0.0016498420154675841,8.777169568929821e-05,0.0002511005732230842,reward programme,reward programme
hey creditcardco changing rewards redemption rates without notice unfair customers say decisions unilateralchanges,0.0004561918321996927,0.9900561571121216,0.0015925662592053413,0.0003109025419689715,0.007584244478493929,reward programme,reward programme
tired receiving promotional emails creditcardco amazing reward program find offers irrelevant unattainable misleadingads,0.0013406937941908836,0.9893918037414551,0.005614599213004112,5.519113619811833e-05,0.003597645554691553,reward programme,reward programme
feeling frustrated creditcardco reward program annual fee keeps increasing benefits remain stagnant time switch better option timetomoveon,6.884212052682415e-05,0.9992408156394958,0.0003994903527200222,4.338136568549089e-05,0.0002474734792485833,reward programme,reward programme
received due date reminder letter creditcardco week due date helpful slowmaildelivery,0.3486371338367462,0.012543036602437496,0.008192474953830242,0.0035149562172591686,0.6271123886108398,customer service,reminder system
trying redeem reward points flight creditcardco blackout dates restrictions make nearly impossible find suitable time redemptionhurdles,0.00023454676556866616,0.9985976815223694,0.00020690460223704576,8.930981857702136e-05,0.000871591386385262,reward programme,reward programme
hey creditcardco adveise amazing rewards offer limited availability feels like bait switch tactic falsepromises,0.0035523290280252695,0.8567871451377869,0.10979858040809631,0.0013482914073392749,0.028513750061392784,reward programme,reward programme
smoke signals used creditcardco reminders keep getting lost wind need reliable communication method inefficientsmokesignals,0.9891334772109985,0.0004240143462084234,0.001208533183671534,0.0001097030981327407,0.009124191477894783,reminder system,reminder system
big thumbs creditcardco exceptional rewards redemption process straightforward hassle free easyredemption,0.0001141626707976684,0.9992085099220276,0.0001516829215688631,1.566696482768748e-05,0.0005099360714666545,reward programme,reward programme
years using creditcardco expected better reward program limited selection merchandise travel options disappointing limitedchoices,0.0004888675757683814,0.997539758682251,0.0014228990767151117,0.00017092649068217725,0.0003775324148591608,reward programme,reward programme
set reminders creditcardco app never seem work unreliable defeating purpose reminder feature appglitch,0.9127431511878967,0.018777647987008095,0.049910739064216614,0.0009131325059570372,0.01765524037182331,reminder system,reminder system
shoutout creditcardco exceptional suppo resolving credit card reward redemption issue patiently worked resolve problem credited missing rewards highly appreciated rewardredemption,0.002333888551220298,0.7415659427642822,0.004407054278999567,0.000666455423925072,0.2510267198085785,reward programme,reward programme
trying reach customer suppo inquire reward points keep transferring one depament another creditcardco get act together customerservicefail,0.0047474997118115425,0.3545719385147095,0.031297314912080765,0.0022995679173618555,0.6070836782455444,customer service,reward programme
finally managed redeem reward points weeks back foh creditcardco customer service process complicated redemptionstruggles,0.00014291612023953348,0.11704546213150024,2.250290162919555e-05,5.091990897199139e-05,0.8827381730079651,customer service,reward programme
finally got credit card issue resolved shout customer service team handling mis selling situation promptly professionally kudos greatservic problemsolved,5.6014519941527396e-05,7.436353917000815e-05,0.21478934586048126,3.783154897973873e-05,0.7850424647331238,customer service,misselling
sometimes mistakes happen resolved matters appreciate quick response bank regarding mis selling credit card good job rectifying situation customerfirst satisfied,0.00657659163698554,0.007367538288235664,0.6991101503372192,0.00216107745654881,0.2847846448421478,misselling,misselling
bit hiccup credit card due mis selling must say bank suppo team fantastic took immediate action clarified everything got soed thank prompt assistance responsiveservice grateful,8.707267988938838e-05,0.00014493560593109578,0.9878180027008057,8.50753131089732e-05,0.011864862404763699,misselling,misselling
dealing mis sold credit card stressful must say bank customer service team handled exceptionally well patient understanding resolved issue efficiently grateful suppo customercare relieved,2.4894645321182907e-05,4.5807351853e-05,0.5831271409988403,1.344555857940577e-05,0.41678866744041443,misselling,misselling
hey creditcardco pricing fluctuations giving whiplash hard keep ever changing fees interest rates confusedcustomer,0.012849717400968075,0.022217165678739548,0.21804387867450714,0.5856190323829651,0.16127021610736847,product pricing,product pricing
hey creditcardco sudden increase interest rates feels like stab back give break unreasonablepricing,0.14582708477973938,0.1160210445523262,0.5713561177253723,0.09172091633081436,0.07507488131523132,misselling,product pricing
creditcardco disappointing see pricing structure favoring wealthy struggling make ends meet inequality,0.01338726282119751,0.02249239571392536,0.23939532041549683,0.7044122815132141,0.02031269110739231,product pricing,product pricing
seriously creditcardco another rate hike time stop squeezing customers sta offering fair pricing enoughisenough,0.0296315997838974,0.046263713389635086,0.10637310892343521,0.26779884099960327,0.5499327778816223,customer service,product pricing
someone explain creditcardco charges double digit interest rates offering minimal benefits highway robbery ripoff,0.032064035534858704,0.050523485988378525,0.7412976622581482,0.1167975515127182,0.05931727960705757,misselling,product pricing
enough pricing surprises creditcardco impossible trust keep changing rules unpredictablefees,0.021141821518540382,0.0384528711438179,0.25734826922416687,0.6567666530609131,0.026290288195014,product pricing,product pricing
tired feeling like cash cow creditcardco pricing scheme designed bleed dry enoughofthis,0.02164260298013687,0.01516968384385109,0.045533113181591034,0.9085934162139893,0.009061121381819248,product pricing,product pricing
hey creditcardco way manipulate interest rates feels like betrayal deserve better predatory pricing betrayedbyfees,0.0527457557618618,0.08811493217945099,0.668858528137207,0.10881614685058594,0.08146466314792633,misselling,product pricing
incredible creditcardco manages consistently provide terrible customer suppo customerdissatisfaction,8.100357808871195e-05,0.00027956507983617485,0.000531400553882122,8.696932491147891e-05,0.999021053314209,customer service,customer service
creditcardco suppo team needs lesson responsiveness emails calls unanswered,0.020587876439094543,0.030271044000983238,0.046043653041124344,0.0015729451552033424,0.9015244841575623,customer service,customer service
creditcardco adveise suppo hotline nobody ever picks customer service joke,0.001509624533355236,0.003161626635119319,0.0027854563668370247,0.00038896259502507746,0.9921543002128601,customer service,customer service
beyond frustrated creditcardco suppo one seems care resolving issue,0.008970953524112701,0.0074685197323560715,0.02988719940185547,0.004512227606028318,0.9491610527038574,customer service,customer service
bother contacting creditcardco suppo keep hold forever provide solution,0.007547816727310419,0.0018212212016806006,0.062387336045503616,0.0015489476500079036,0.9266946911811829,customer service,customer service
hey creditcardco suppo team lack urgency costing money time unacceptable,0.05872562900185585,0.060697123408317566,0.40029430389404297,0.13577571511268616,0.34450721740722656,misselling,customer service
seriously regretting choosing creditcardco suppo non existent actually need help,0.010216360911726952,0.021209444850683212,0.20165355503559113,0.0033093353267759085,0.7636113166809082,customer service,customer service
creditcardco customers deserve better stuck hold indefinitely improve suppo system,0.0017861941596493125,0.0007583196857012808,0.0017767766257748008,0.00010981750529026613,0.9955689311027527,customer service,customer service
dealing creditcardco suppo nightmare never follow promises made,0.01564519852399826,0.018265927210450172,0.35547447204589844,0.00349488970823586,0.6071195006370544,customer service,customer service
creditcardco suppo team incompetence pushing loyal customers away time step game,0.017950039356946945,0.08564575761556625,0.32639631628990173,0.007196540478616953,0.5628113150596619,customer service,customer service
another day another ignored creditcardco suppo account like shouting void,0.12831227481365204,0.036700643599033356,0.2813195586204529,0.02700268104672432,0.5266648530960083,customer service,customer service
disappointed creditcardco lack empathy assistance suppo letdown,0.01755579747259617,0.046727076172828674,0.46473702788352966,0.01417932566255331,0.45680081844329834,misselling,customer service
got phone creditcardco suppo three transfers still solution customerservicefail,7.448931137332693e-05,9.129062527790666e-05,3.512890907586552e-05,4.771024759975262e-05,0.9997513890266418,customer service,customer service
creditcardco suppo team negligence huing reputation customers deserve better treatment,0.0002858587831724435,0.0016486539971083403,0.01389138400554657,0.0001515374897280708,0.9840225577354431,customer service,customer service
wasted hours trying reach creditcardco suppo simple query response help,0.013708565384149551,0.05549254268407822,0.08175376057624817,0.008318456821143627,0.8407266736030579,customer service,customer service
creditcardco suppo email goes black hole months still resolution customerneglect,0.055442169308662415,0.04361359402537346,0.10699375718832016,0.017998261377215385,0.7759522199630737,customer service,customer service
frustrating creditcardco suppo line disconnects holding hour joke,0.0003611149440985173,0.00019951041031163186,0.0013425217475742102,0.00011522126442287117,0.997981607913971,customer service,customer service
believe difficult reach creditcardco suppo team response assistance customerdisappointment,0.00627642497420311,0.008806137368083,0.025029318407177925,0.003539090510457754,0.9563490748405457,customer service,customer service
creditcardco lack response assistance clear indication poor customer suppo unsatisfied,0.002125327242538333,0.011275138705968857,0.031031901016831398,0.0007243131985887885,0.9548433423042297,customer service,customer service
friendly reminder creditcardco suppo team seem know meaning urgency,0.9841303825378418,0.0004979100776836276,0.00025218658265657723,0.00016555163892917335,0.0149539140984416,reminder system,customer service
hold creditcardco suppo umpteenth time maybe one day someone pick,0.18137924373149872,0.2812913656234741,0.12195760011672974,0.031755585223436356,0.38361620903015137,customer service,customer service
big shoutout creditcardco superb customer suppo handled concerns utmost professionalism care customerserviceexcellence,0.00011169305798830464,0.000275977625278756,0.00019158462237101048,5.0460083002690226e-05,0.999370276927948,customer service,customer service
blown away outstanding suppo received creditcardco resolved issue promptly left feeling valued customer impressivesuppo,0.0014137697871774435,0.05025625228881836,0.0034269497264176607,0.0010856753215193748,0.9438173174858093,customer service,customer service
thumbs creditcardco suppo team exceptional knowledge assistance guided process effolessly knowledgeablesuppo,0.024149971082806587,0.25420740246772766,0.04040373116731644,0.011863107793033123,0.6693758368492126,customer service,customer service
want express gratitude creditcardco attentive personalized suppo truly care customers needs customercare,0.0002796559710986912,0.00629784120246768,0.00019431131659075618,7.069164712447673e-05,0.9931575059890747,customer service,customer service
creditcardco suppo went beyond ensure satisfaction turned challenging situation positive experience goingtheextramile,0.006085254717618227,0.2702535092830658,0.009245180524885654,0.011234298348426819,0.703181803226471,customer service,customer service
kudos creditcardco well trained suppo team patient understanding resolved issue ease greatjob,0.023125147446990013,0.08478760719299316,0.023515840992331505,0.011934133246541023,0.8566372394561768,customer service,customer service
excellent experience creditcardco suppo representative friendly efficient resolved concern time smoothresolution,6.815904635004699e-05,0.0005159773281775415,0.0001751763338688761,5.321245043887757e-05,0.9991874098777771,customer service,customer service
impressed prompt response resolution provided creditcardco suppo team truly value customers time responsivesuppo,0.0024299551732838154,0.004116356838494539,0.0019064052030444145,0.00038723935722373426,0.9911600351333618,customer service,customer service
creditcardco suppo team saved day quick action problem solving skills turned potential disaster seamless experience customerheroes,0.009232462383806705,0.05158030986785889,0.007971899583935738,0.012412479147315025,0.9188029170036316,customer service,customer service
want give shoutout creditcardco consistent reliable suppo never fail address concerns promptly reliableservice,0.043943557888269424,0.12345016747713089,0.012895921245217323,0.005591482389718294,0.8141188025474548,customer service,customer service
huge thank creditcardco proactive suppo reached resolve issue even repoed yet proactiveassistance,0.049142491072416306,0.05899804085493088,0.1106034591794014,0.03834593668580055,0.7429101467132568,customer service,customer service
impressed creditcardco suppo team dedication customer satisfaction went extra mile ensure positive experience customerhappiness,0.014375466853380203,0.10003123432397842,0.021862903609871864,0.012770005501806736,0.850960373878479,customer service,customer service
creditcardco suppo team deserves recognition exceptional communication skills listened attentively provided clear guidance effectivecommunication,0.03789997845888138,0.7244561314582825,0.044048111885786057,0.022972937673330307,0.1706227958202362,reward programme,customer service
shoutout creditcardco reliable suppo reassuring know assistance call away matter time day alwaysthereforcustomers,0.0020210419315844774,0.00032790860859677196,0.00020086033327970654,3.4401680750306696e-05,0.9974157810211182,customer service,customer service
want express appreciation creditcardco consistent high quality suppo set benchmark exceptional customer service industry customerserviceexemplary,5.161852823221125e-05,0.00029703485779464245,5.171774682821706e-05,4.552038080873899e-05,0.9995540976524353,customer service,customer service
apologize pricing structure caused inconvenience feedback valuable actively reviewing adjusting fees charges better serve customers thank understanding customeroriented,8.737143798498437e-05,0.0003176104510203004,0.0003027034690603614,0.0006340646650642157,0.9986582398414612,customer service,product pricing
apologize pricing structure caused inconvenience feedback helps ongoing effos ensure credit card fees charges reasonable customer friendly customerfirstapproach,0.00012347265146672726,9.73567584878765e-05,0.00033774913754314184,0.0010357452556490898,0.9984056353569031,customer service,product pricing
apologize confusion caused pricing structure actively reassessing fee policies ensure align customer expectations fair thank bringing attention alignedwithcustomers,0.005356853362172842,0.021699251607060432,0.005783554166555405,0.024657489731907845,0.9425028562545776,customer service,product pricing
apologize inconvenience caused pricing structure rest assured committed providing competitive transparent pricing benefits customers thank feedback transparentpolicies,0.014519225805997849,0.04161595553159714,0.036914337426424026,0.08069652318954468,0.8262539505958557,customer service,product pricing
apologize inconvenience caused pricing structure rest assured committed providing competitive transparent pricing benefits customers thank feedback transparentpolicies,0.014519225805997849,0.04161595553159714,0.036914337426424026,0.08069652318954468,0.8262539505958557,customer service,product pricing
understand concerns regarding pricing structure rest assured continuously review fees charges ensure fairness appreciate feedback transparentpricing,0.16046734154224396,0.09926588833332062,0.07080452889204025,0.19721828401088715,0.47224393486976624,customer service,product pricing
apologize inconvenience caused pricing structure feedback impoant committed evaluating adjusting fees better align customer needs thank input customercentricapproach,0.005863352213054895,0.01665516197681427,0.016271650791168213,0.03398067504167557,0.9272292256355286,customer service,product pricing
apologize inconvenience caused pricing structure feedback impoant committed evaluating adjusting fees better align customer needs thank input customercentricapproach,0.005863352213054895,0.01665516197681427,0.016271650791168213,0.03398067504167557,0.9272292256355286,customer service,product pricing
thank sharing feedback regarding altered product pricing actively reviewing pricing strategies ensure align customer needs expectations customerfeedback,3.471602394711226e-05,0.0001362045295536518,0.00016507969121448696,0.9978797435760498,0.0017842438537627459,product pricing,product pricing
thank sharing feedback regarding product pricing genuinely appreciate input actively reviewing pricing models ensure fair reasonable customers fairpricingforall,0.000495353015139699,0.002178342081606388,0.001208223751746118,0.9762788414955139,0.019839225336909294,product pricing,product pricing
thank sharing feedback regarding product pricing genuinely appreciate input actively reviewing pricing models ensure fair reasonable customers fairpricingforall,0.000495353015139699,0.002178342081606388,0.001208223751746118,0.9762788414955139,0.019839225336909294,product pricing,product pricing
thank sharing feedback regarding product pricing genuinely appreciate input actively reviewing pricing models ensure fair reasonable customers fairpricingforall,0.000495353015139699,0.002178342081606388,0.001208223751746118,0.9762788414955139,0.019839225336909294,product pricing,product pricing
creditcardco sales representative misled buying expensive product need feeling cheated deceived misselling,2.9010952857788652e-05,0.00011006229760823771,0.997285008430481,0.0006903287721797824,0.0018856087699532509,misselling,misselling
hey creditcardco reminder system needs overhaul simply effective preventing missed due dates timeforchange,0.999381422996521,5.844775660079904e-05,0.00011805527901742607,7.892791472841054e-06,0.00043423273018561304,reminder system,reminder system
appreciate creditcardco effos sending reminders morse code practical today fast paced world morsecodemishaps,0.9865642786026001,0.0040699271485209465,0.0004915001918561757,5.076640809420496e-05,0.008823493495583534,reminder system,reminder system
trusted creditcardco products suitable retired pensioners took advantage vulnerability high cost product sold causing immense financial stress predatorypractices misselling,7.197848026407883e-05,0.0001247543259523809,0.9959533214569092,0.003686537966132164,0.0001634337822906673,misselling,misselling
frustrating creditcardco reminder system offer multiple notification options everyone checks email regularly limitedreminders,0.9962461590766907,9.45414140005596e-05,0.00011704596545314416,2.258418135170359e-05,0.0035196621902287006,reminder system,reminder system
loyal customer creditcardco reward program feels like one sided deal annual fee keeps increasing rewards keep shrinking unbalanced,0.0017032435862347484,0.9811091423034668,0.009017568081617355,0.0003113408456556499,0.007858704775571823,reward programme,reward programme
receiving reminder carrier pigeon creditcardco might charming practical today fast paced world slowandinefficient,0.8674933314323425,0.029024062678217888,0.005871021654456854,0.0013593288604170084,0.0962521880865097,reminder system,reminder system
receiving reminder telegrams creditcardco feels like scene period drama let move century shall telegraphtroubles,0.9962671995162964,0.0005107547622174025,0.00026304330094717443,5.8900335716316476e-05,0.0029001280199736357,reminder system,reminder system
shame creditcardco preying retired pensioners limited income sold product drained savings leaving struggling make ends meet financialexploitation misselling,7.822388579370454e-05,0.00015341653488576412,0.9989880919456482,0.0005026133731007576,0.00027760653756558895,misselling,misselling
shame creditcardco preying retired pensioners limited income sold product drained savings leaving struggling make ends meet financialexploitation misselling,7.822388579370454e-05,0.00015341653488576412,0.9989880919456482,0.0005026133731007576,0.00027760653756558895,misselling,misselling
reminder calls creditcardco always automated lack personalized information easy ignore forget roboticreminders,0.9865331053733826,0.00030695440364070237,0.0016724512679502368,0.00014025880955159664,0.011347268708050251,reminder system,reminder system
reminder messages creditcardco generic catch attention anymore need something engaging memorable lacklusterreminders,0.8131993412971497,0.02082986943423748,0.03553595021367073,0.00482643349096179,0.125608429312706,reminder system,reminder system
tired relying creditcardco reminder system unreliable caused accrue unnecessary late fees inaccuratereminders,0.9996141791343689,6.414311792468652e-05,0.00013016838056501,9.95619484456256e-06,0.00018155698489863425,reminder system,reminder system
trying reach customer suppo inquire reward points keep transferring one depament another creditcardco get act together customerservicefail,0.0047474997118115425,0.3545719385147095,0.031297314912080765,0.0022995679173618555,0.6070836782455444,customer service,reward programme
trying redeem reward points flight creditcardco blackout dates restrictions make nearly impossible find suitable time redemptionhurdles,0.00023454676556866616,0.9985976815223694,0.00020690460223704576,8.930981857702136e-05,0.000871591386385262,reward programme,reward programme
creditcardco reminder emails straight spam folder causing miss due dates needs fixed asap emailfail,0.9827454686164856,0.0011720253387466073,0.008141844533383846,0.00035723522887565196,0.0075833736918866634,reminder system,reminder system
disgusted creditcardco targeting retired pensioners low income selling high cost products afford exploiting vulnerable individuals despicable misselling,8.44724927446805e-05,0.00011213540710741654,0.9925734996795654,0.0069373538717627525,0.0002925767039414495,misselling,misselling
disgusted creditcardco targeting retired pensioners low income selling high cost products afford exploiting vulnerable individuals despicable misselling,8.44724927446805e-05,0.00011213540710741654,0.9925734996795654,0.0069373538717627525,0.0002925767039414495,misselling,misselling
feeling frustrated creditcardco reward program points expire quickly making impossible save meaningful redemption shoexpiration,0.0006619472987949848,0.9982576966285706,0.00044074893230572343,0.00014383190136868507,0.0004957917262800038,reward programme,reward programme
finally managed redeem reward points weeks back foh creditcardco customer service process complicated redemptionstruggles,0.00014291612023953348,0.11704546213150024,2.250290162919555e-05,5.091990897199139e-05,0.8827381730079651,customer service,reward programme
hey creditcardco adveise amazing rewards offer limited availability feels like bait switch tactic falsepromises,0.0035523290280252695,0.8567871451377869,0.10979858040809631,0.0013482914073392749,0.028513750061392784,reward programme,reward programme
received fax creditcardco reminder please enter digital age faxinthedigitalera,0.4682563841342926,0.0027498994022607803,0.0047466871328651905,0.001569448271766305,0.5226775407791138,customer service,reminder system
trusted creditcardco took advantage trust sold ridiculously expensive product could gotten much less elsewhere exploitation misselling,9.999085159506649e-05,0.00029783547506667674,0.3222770392894745,0.6770888566970825,0.00023626373149454594,product pricing,misselling
creditcardco reminder system send notifications day due date enough time make payment lastminutereminders,0.9988808035850525,0.00010622867557685822,5.598087591351941e-05,4.357974830782041e-05,0.0009133847197517753,reminder system,reminder system
creditcardco sending reminders via fax relic past time catch modern communication methods faxfail,0.9855138659477234,0.0007066248799674213,0.0014824962709099054,3.757725062314421e-05,0.012259394861757755,reminder system,reminder system
hey creditcardco changing rewards program accumulated points unfair bait switch loyal customers rewardsmanipulation,0.0003168375405948609,0.9692652225494385,0.02920079603791237,0.00015141147014219314,0.001065723830834031,reward programme,reward programme
apologize inconvenience caused timing communication feedback valuable working diligently improve communication strategies better meet needs improvedtiming,0.09886375814676285,0.07575111091136932,0.10843966156244278,0.022929927334189415,0.6940155029296875,customer service,reminder system
impressed exceptional rewards rate creditcardco satisfying earn rewards everyday purchases rewardsgalore,0.0003099360619671643,0.9986059069633484,0.00042064100853167474,0.0001391876139678061,0.0005243245977908373,reward programme,reward programme
dear creditcardco consider adding customizable payment reminder notifications allowing users set preferred dates times paymentreminders,0.42104896903038025,0.014878827147185802,0.004382176790386438,0.003422100329771638,0.5562679171562195,customer service,reminder system
hey creditcardco automated phone call reminder system upcoming payments would great sometimes texts emails get overlooked paymentreminders,0.998543918132782,0.00021376280346885324,8.793442975729704e-05,9.371169289806858e-05,0.0010607056319713593,reminder system,reminder system
credit card rewards earned creditcardco expired could redeem frustrating feels like waste expiredrewards,0.024756241589784622,0.8147813677787781,0.11623658984899521,0.021985946223139763,0.022239848971366882,reward programme,reward programme
apologize incorrect reward points balance card team rectifying issue ensure accurate balance reflected thank patience rewardpoints,0.0007056373870000243,0.9452038407325745,0.0038373670540750027,0.0002541481808293611,0.04999895766377449,reward programme,reward programme
tired creditcardco misleading rewards program adveise fantastic benefits nearly impossible redeem emptypromises,0.00019505905220285058,0.9925600290298462,0.007123508490622044,1.4044185263628606e-05,0.00010730892245192081,reward programme,reward programme
apologize confusion regarding credit card rewards redemption process customer suppo team guide steps address concerns redeemrewards,0.003301737830042839,0.13770925998687744,0.0017619563732296228,0.0007447456009685993,0.8564822673797607,customer service,reward programme
received promotional email creditcardco limited time offer expired even read improve timing please missedoppounity,0.08761613070964813,0.5676921010017395,0.05409810692071915,0.018954094499349594,0.2716396152973175,reward programme,reminder system
understand impoance timely communication feedback valuable actively working enhance timing messages better serve thank patience improvedtiming,0.22438962757587433,0.1431829035282135,0.13132454454898834,0.06580175459384918,0.43530118465423584,customer service,reminder system
tired creditcardco complex confusing rewards program nearly impossible understand maximize benefits complicatedrewards,0.0003276948700658977,0.9986209869384766,0.0006420990102924407,0.00012005055032204837,0.00028923433274030685,reward programme,reward programme
hey creditcardco consider implementing missed payment ale system notifies customers immediately payment overlooked helping avoid late fees paymentreminders,0.9841086268424988,0.0004964182153344154,0.00047487695701420307,5.8353594795335084e-05,0.014861716888844967,reminder system,reminder system
shoutout creditcardco stellar response credit card reward redemption problem promptly resolved issue received redeemed rewards without hassle thank valuing customers rewardprogram,6.942340405657887e-05,0.988867461681366,0.00023620226420462132,2.628856964292936e-05,0.010800700634717941,reward programme,reward programme
trying redeem rewards points creditcardco months redemption process overly complicated time consuming redemptionfrustration,0.015621820464730263,0.9482120275497437,0.019339323043823242,0.0019204494310542941,0.01490634586662054,reward programme,reward programme
impressed rewards structure new credit card schemes introduced creditcardco seem offer excellent incentives cardholders rewardsprogram,0.00016088105621747673,0.9996811151504517,5.456208236864768e-05,3.8761645555496216e-05,6.473271787399426e-05,reward programme,reward programme
dear creditcardco offering option receive payment reminders via whatsapp popular messaging apps would convenient customers paymentreminders,0.6387680768966675,0.022279096767306328,0.009931421838700771,0.007716646883636713,0.3213048279285431,reminder system,reminder system
suggestion creditcardco consider introducing voice enabled sma speaker reminders payment due dates offering innovative hands free approach paymentreminders,0.6869004964828491,0.005340611562132835,0.00616544159129262,0.0032052609603852034,0.29838818311691284,reminder system,reminder system
hey creditcardco trying reach suppo team day luck anyone,0.00524173304438591,0.18588702380657196,0.17201045155525208,0.01348959095776081,0.6233711838722229,customer service,customer service
creditcardco hold hour customer suppo complete disaster,0.030656179413199425,0.02941914275288582,0.31133270263671875,0.008184642530977726,0.6204072833061218,customer service,customer service
got phone creditcardco suppo hour long wait solution provided customerservicefail,0.0002633226686157286,0.0001553502370370552,0.00010090184514410794,0.00011672455002553761,0.9993637204170227,customer service,customer service
creditcardco lack response urgent issue extremely disappointing actual suppo,0.03254181519150734,0.030602790415287018,0.05482470244169235,0.005292957648634911,0.8767377734184265,customer service,customer service
another day another ignored suppo ticket creditcardco even listening customers,0.22873909771442413,0.09414713829755783,0.3561270833015442,0.010740179568529129,0.3102465271949768,misselling,customer service
trying reach creditcardco suppo feels like talking wall zero helpful assistance provided,0.013795634731650352,0.026524638757109642,0.31246107816696167,0.012230562046170235,0.6349880695343018,customer service,customer service
seriously considering canceling card creditcardco customer suppo nonexistent,0.015119023621082306,0.01425540167838335,0.10973287373781204,0.009748496115207672,0.8511441946029663,customer service,customer service
shoutout creditcardco worst suppo experience ever resolution wasted hours time,0.012086299248039722,0.02794794924557209,0.34314966201782227,0.0034298356622457504,0.6133862733840942,customer service,customer service
barclaysukhelp youre nice action dont even know account locked dont means get branch use online much new card ordered wallasey branch days registered app says still,0.06805151700973511,0.0278483834117651,0.007615586277097464,0.007260462734848261,0.889224112033844,customer service,customer service
barclays since already sent information barclays reason think received could make purchases cards literally credit card company issues pretty much every one fixes stuff instantly,0.019993271678686142,0.015784522518515587,0.06867020577192307,0.015252013690769672,0.8803000450134277,customer service,customer service
barclaysukhelp itsstillsmee words however getting letter tomorrow telling interest rates mortgage credit card gone modern day highwaymen,0.37689706683158875,0.044814810156822205,0.27491074800491333,0.03196372836828232,0.2714136242866516,reminder system,product pricing
barclaysukhelp new customer company waited days card amp pin arrived today full days opened account tried download app amp downloading could soon back natwest rate,0.00013587408466264606,0.00020231501548551023,4.6965131332399324e-05,0.00017491421021986753,0.9994398951530457,customer service,customer service
lot come guardian lloydsbank hsbc barclays tescobanknews sold debts knew contaminated ppi mis selling laid house debt collector credit card customers realised liable debt,0.001898821908980608,0.00039778786594979465,0.9930666089057922,0.001956951105967164,0.002679709577932954,misselling,misselling
thinks banks barclays pay customers least every hour online services inaccessible closed many branches thank goodness credit card today invoice inconvenience,0.12531282007694244,0.03933120146393776,0.07746550440788269,0.011544421315193176,0.7463460564613342,customer service,customer service
barclaysuk rang call centre reset card pin card reader still saying blocked long card reader gives option put pin,0.09543123096227646,0.009839500300586224,0.014809577725827694,0.016150295734405518,0.8637693524360657,customer service,customer service
hey barclays thanks stopping old bank card new one arrived really helpful trying buy food,0.008881117217242718,0.023639671504497528,0.014623800292611122,0.0062307314947247505,0.9466246366500854,customer service,customer service
martinslewis itvmlshow message barclays reward card change foreign transactions august,0.03791295737028122,0.8860129117965698,0.029210347682237625,0.011111313477158546,0.03575243428349495,reward programme,reward programme
barclays people barclays bank help matter cash cows banks need harder screw best saving rate high street bank best credit card interest rate overdraft rate https zwabb,0.012321382761001587,0.06263663619756699,0.06225668638944626,0.021461287513375282,0.8413240313529968,customer service,product pricing
frontiercare ready cancel barclays guys try hard get passengers sign onto credit card totally dick around made payment credit card week ago money left bank acct last week,0.03989410400390625,0.11846452206373215,0.4555709958076477,0.00931058544665575,0.37675976753234863,misselling,customer service
changed credit limit received text said struggle use debit card stay limit peak spending times could higher lower limit never defaulted paying statement,0.2338450700044632,0.011793088167905807,0.13275055587291718,0.021141450852155685,0.6004698276519775,customer service,product pricing
barclaycard martinslewis year old mum savings credit limit cut barclaycard regular payments going account mortgage loan repayments solvent policy makes sense please explain,0.23066122829914093,0.1525597870349884,0.3036428391933441,0.04459262266755104,0.2685435712337494,misselling,product pricing
dguillaume barclaycard sxa taking long supported practically every bank credit card company,0.3126666247844696,0.1611986756324768,0.11513408273458481,0.08037746697664261,0.33062323927879333,customer service,customer service
barclaysukhelp information sent refers platinum card reward card astonished record date global alliance ceased,0.02584661915898323,0.4891197383403778,0.012046067975461483,0.002002812922000885,0.4709848165512085,reward programme,reward programme
barclaysukhelp referring debit card barclaycard reward visa credit card,0.002270803786814213,0.820383608341217,0.0012969325762242079,0.0007142695831134915,0.1753344088792801,reward programme,reward programme
castellinda terrible customer service barclays jetblue card mastercard minutes explain reps reverse fees,0.0008185711340047419,0.0002412272006040439,0.00011486189032439142,2.1261685105855577e-05,0.9988040924072266,customer service,customer service
keithbevan credit card companies cancel interest months would help barclays amex,0.04106632620096207,0.05178947001695633,0.12759707868099213,0.058377817273139954,0.7211693525314331,customer service,product pricing
barclaysukhelp zoe spoke multiple people day saturday including still ability pay bills transfer money promise call back account inaccessible apart using debit card really enough left hanging,0.0011253419797867537,0.00044157347292639315,0.0009199976339004934,0.00017678829317446798,0.9973363280296326,customer service,customer service
barclaysukhelp opened young persons account never even received debit card months,0.01589692011475563,0.012401828542351723,0.03635722026228905,0.010506981983780861,0.9248371124267578,customer service,customer service
barclaysukhelp recently applied barclays business account slight hiccup start got past finally got card pin needed call one piece info missing spoke ekaterina sorted everything professional polite,0.014116594567894936,0.008777204900979996,0.006299096159636974,0.004042249172925949,0.9667648673057556,customer service,customer service
barclaysuk actually pay back money monthly get charged extra get rejected card laughable well wanted get avios points,0.008462013676762581,0.38138628005981445,0.12231706827878952,0.45672714710235596,0.031107520684599876,product pricing,reward programme
simonpulleyn thetimes credit card company fail cancel account wrote wrote second time relevant gov office complied barclays,0.3286297023296356,0.12265913188457489,0.3595224916934967,0.08178862184286118,0.10739994049072266,misselling,customer service
barclaysukhelp dropped direct messages heard back still service trying use app pay bills transfer money debit card works pay bills either mine husbands account,0.01253773644566536,0.011515279300510883,0.03802671283483505,0.007404365111142397,0.9305158853530884,customer service,customer service
barclaysuk written wife say regrettably reduce credit limit think stuck somewhere needs use card card years thanks nothing barclays absolute wankers,0.048913367092609406,0.009816455654799938,0.5173901319503784,0.007550869602710009,0.41632911562919617,misselling,product pricing
barclaysukhelp staff cancelled elderly grand mothers card leaving unable pay super disgusting mum getting staff cutting calls english speaking call center staff poor move bank whole family,0.03963344544172287,0.0339716374874115,0.1299275904893875,0.043774399906396866,0.7526928782463074,customer service,customer service
jennibuttonusa sarahliz adamundefined cracking birthday thread credit cards anyone know kept chase southwest card whole time ramsey two chase cards barclays american almost covered flights italy summer,0.21458639204502106,0.33104896545410156,0.08553005009889603,0.04151104390621185,0.3273236155509949,reward programme,reward programme
hello thanks post sorry hear application card rejected assure lot taken consideration decision made take info credit file make sure meet eligibility card,0.009035280905663967,0.0033823028206825256,0.04360932111740112,0.0014494383940473199,0.9425236582756042,customer service,customer service
